yourlist:M20200827A94466D2655679D1FD8953E075198DA859BC50O	Entry	Entry name
Q6BC31	Q6BC31	Q6BC31_9HIV1
P62023	P62023	PA2B1_CROSS
E5G6H5	E5G6H5	E5G6H5_MACFA
C6XF33	C6XF33	C6XF33_LIBAP
Q54F44	Q54F44	NOXC_DICDI
P32881	P32881	IFNA8_HUMAN
P04958	P04958	TETX_CLOTE
Q9ULH1	Q9ULH1	ASAP1_HUMAN
Q9JXV4	Q9JXV4	Q9JXV4_NEIMB
Q38610	Q38610	Q38610_BPTU2
P25106	P25106	ACKR3_HUMAN
P56817	P56817	BACE1_HUMAN
Q13162	Q13162	PRDX4_HUMAN
Q6P1J9	Q6P1J9	CDC73_HUMAN
O43602	O43602	DCX_HUMAN
Q14242	Q14242	SELPL_HUMAN
Q9BXF3	Q9BXF3	CECR2_HUMAN
Q53GI3	Q53GI3	ZN394_HUMAN
P02769	P02769	ALBU_BOVIN
Q9Y2W6	Q9Y2W6	TDRKH_HUMAN
Q86Y97	Q86Y97	KMT5C_HUMAN
P00701	P00701	LYSC_COTJA
P02458	P02458	CO2A1_HUMAN
Q13797	Q13797	ITA9_HUMAN
Q64253	Q64253	LY6E_MOUSE
Q9BJZ5	Q9BJZ5	FUSIL_DROME
O54709	O54709	NKG2D_MOUSE
W8TNQ9	W8TNQ9	W8TNQ9_STAAU
A0A0X1KH90	A0A0X1KH90	A0A0X1KH90_CLOBA
Q15398	Q15398	DLGP5_HUMAN
Q5ZQK4	Q5ZQK4	Q5ZQK4_PHLPR
Q9Y279	Q9Y279	VSIG4_HUMAN
P04584	P04584	POL_HV2RO
R4I4P2	R4I4P2	R4I4P2_9CALI
G7P4V0	G7P4V0	G7P4V0_MACFA
P35414	P35414	APJ_HUMAN
P43630	P43630	KI3L2_HUMAN
Q86V24	Q86V24	PAQR2_HUMAN
P38159	P38159	RBMX_HUMAN
Q3BCY5	Q3BCY5	Q3BCY5_9FLAV
Q83884	Q83884	CAPSD_NVN68
A0A223PK46	A0A223PK46	A0A223PK46_DABRR
P29320	P29320	EPHA3_HUMAN
Q5QGZ9	Q5QGZ9	CL12A_HUMAN
O14490	O14490	DLGP1_HUMAN
O35375	O35375	NRP2_MOUSE
C3W5X2	C3W5X2	C3W5X2_9INFA
P24821	P24821	TENA_HUMAN
P02675	P02675	FIBB_HUMAN
Q96RD9	Q96RD9	FCRL5_HUMAN
Q95JB9	Q95JB9	NCTR1_MACFA
Q8IGK4	Q8IGK4	Q8IGK4_DROME
P09535	P09535	IGF2_MOUSE
P40238	P40238	TPOR_HUMAN
P08254	P08254	MMP3_HUMAN
P87666	P87666	VGP_EBOZ5
P00703	P00703	LYSC_MELGA
O96555	O96555	O96555_PLAVI
P78337	P78337	PITX1_HUMAN
Q495A1	Q495A1	TIGIT_HUMAN
P04216	P04216	THY1_HUMAN
P14720	P14720	DFRA_PETHY
P43489	P43489	TNR4_HUMAN
Q16553	Q16553	LY6E_HUMAN
Q38SQ8	Q38SQ8	HEMA_I83A8
Q9VE52	Q9VE52	Q9VE52_DROME
P49273	P49273	ALL7_DERPT
Q8R4F0	Q8R4F0	MCLN3_MOUSE
P13829	P13829	OS25_PLAFO
P17301	P17301	ITA2_HUMAN
E3SH29	E3SH29	E3SH29_PRUDU
Q9ERE9	Q9ERE9	JIP2_MOUSE
P06473	P06473	GB_HCMVA
P31358	P31358	CD52_HUMAN
P08172	P08172	ACM2_HUMAN
P07858	P07858	CATB_HUMAN
Q6GTX8	Q6GTX8	LAIR1_HUMAN
P08799	P08799	MYS2_DICDI
P0AEX9	P0AEX9	MALE_ECOLI
Q14789	Q14789	GOGB1_HUMAN
P27918	P27918	PROP_HUMAN
Q8JUX5	Q8JUX5	POLS_CHIKS
P04117	P04117	FABP4_MOUSE
P36346	P36346	HEMA_I000F
Q25976	Q25976	Q25976_PLAFA
C7S226	C7S226	C7S226_I57A0
P18613	P18613	RAPA_DICDI
Q9QBZ8	Q9QBZ8	ENV_HV197
Q28939	Q28939	Q28939_PIG
P50571	P50571	GBRB1_MOUSE
P78423	P78423	X3CL1_HUMAN
P14151	P14151	LYAM1_HUMAN
Q531B0	Q531B0	Q531B0_CANLF
O14788	O14788	TNF11_HUMAN
Q59647	Q59647	NORB_PSEAE
P42771	P42771	CDN2A_HUMAN
P11511	P11511	CP19A_HUMAN
O00187	O00187	MASP2_HUMAN
P14210	P14210	HGF_HUMAN
P09341	P09341	GROA_HUMAN
Q7Z2K6	Q7Z2K6	ERMP1_HUMAN
Q9HBX9	Q9HBX9	RXFP1_HUMAN
F6Z052	F6Z052	F6Z052_MACMU
Q9UIA9	Q9UIA9	XPO7_HUMAN
P01859	P01859	IGHG2_HUMAN
Q925F2	Q925F2	ESAM_MOUSE
Q54DN3	Q54DN3	XPO7_DICDI
Q9Y219	Q9Y219	JAG2_HUMAN
P10144	P10144	GRAB_HUMAN
Q8R3Z5	Q8R3Z5	CACB1_MOUSE
P48509	P48509	CD151_HUMAN
J7I6Y1	J7I6Y1	J7I6Y1_XENTR
Q8SPV9	Q8SPV9	FCGRN_MACFA
Q7K4L8	Q7K4L8	Q7K4L8_DROME
B2VLW8	B2VLW8	B2VLW8_9INFA
Q19KF7	Q19KF7	Q19KF7_NEIME
C6XFP4	C6XFP4	C6XFP4_LIBAP
A9JQX2	A9JQX2	A9JQX2_TOXGO
G0XQ39	G0XQ39	G0XQ39_HUMAN
H2QTB7	H2QTB7	H2QTB7_PANTR
Q8IVH2	Q8IVH2	FOXP4_HUMAN
Q05320	Q05320	VGP_EBOZM
Q9BUG6	Q9BUG6	ZSA5A_HUMAN
P03407	P03407	NEF_HV1A2
P27958	P27958	POLG_HCVH
O94776	O94776	MTA2_HUMAN
Q54LG3	Q54LG3	Q54LG3_DICDI
P11609	P11609	CD1D1_MOUSE
Q3UHC2	Q3UHC2	LRRK1_MOUSE
P22646	P22646	CD3E_MOUSE
P00751	P00751	CFAB_HUMAN
P19070	P19070	CR2_MOUSE
Q07820	Q07820	MCL1_HUMAN
P08670	P08670	VIME_HUMAN
Q61809	Q61809	LRRN1_MOUSE
B5BTR4	B5BTR4	B5BTR4_9CALI
E9MY73	E9MY73	E9MY73_9HIV1
P16154	P16154	TOXA_CLODI
P54253	P54253	ATX1_HUMAN
P12255	P12255	FHAB_BORPE
P19429	P19429	TNNI3_HUMAN
P43588	P43588	RPN11_YEAST
P61329	P61329	FGF12_MOUSE
Q91XA9	Q91XA9	CHIA_MOUSE
B2BN53	B2BN53	VP6_ROTRH
Q64735	Q64735	CR1L_MOUSE
Q9NP59	Q9NP59	S40A1_HUMAN
P49913	P49913	CAMP_HUMAN
P11499	P11499	HS90B_MOUSE
Q9Y6N7	Q9Y6N7	ROBO1_HUMAN
P24158	P24158	PRTN3_HUMAN
B2YGA4	B2YGA4	B2YGA4_GARVA
P20138	P20138	CD33_HUMAN
A0A290D162	A0A290D162	A0A290D162_9RHAB
P22301	P22301	IL10_HUMAN
Q86YL7	Q86YL7	PDPN_HUMAN
P09989	P09989	RIPT_TRIKI
Q76R62	Q76R62	HBSAG_HBVCJ
P25445	P25445	TNR6_HUMAN
P10451	P10451	OSTP_HUMAN
P04616	P04616	REV_HV1B1
P00533	P00533	EGFR_HUMAN
P04578	P04578	ENV_HV1H2
Q9Z2Y9	Q9Z2Y9	KLOT_RAT
P18627	P18627	LAG3_HUMAN
G8F529	G8F529	G8F529_MACFA
Q2FZ19	Q2FZ19	RNJ2_STAA8
Q9UPP1	Q9UPP1	PHF8_HUMAN
P20357	P20357	MTAP2_MOUSE
Q9H5V8	Q9H5V8	CDCP1_HUMAN
P01732	P01732	CD8A_HUMAN
Q13641	Q13641	TPBG_HUMAN
P10071	P10071	GLI3_HUMAN
A0A2K5U1T1	A0A2K5U1T1	A0A2K5U1T1_MACFA
P17679	P17679	GATA1_MOUSE
Q8IWY8	Q8IWY8	ZSC29_HUMAN
P07225	P07225	PROS_HUMAN
Q6UVM4	Q6UVM4	KCNT2_RAT
Q969J2	Q969J2	ZKSC4_HUMAN
P08921	P08921	CD2_RAT
Q15583	Q15583	TGIF1_HUMAN
D3ZGP2	D3ZGP2	D3ZGP2_RAT
Q61418	Q61418	CLCN4_MOUSE
Q9DGV7	Q9DGV7	Q9DGV7_9HIV1
Q13421	Q13421	MSLN_HUMAN
Q86TU7	Q86TU7	SETD3_HUMAN
Q571I9	Q571I9	A16A1_MOUSE
P30203	P30203	CD6_HUMAN
Q932C5	Q932C5	CLFA_STAAM
Q15303	Q15303	ERBB4_HUMAN
Q05059	Q05059	GD_HHV1F
I0B7N4	I0B7N4	I0B7N4_9INFB
P01495	P01495	SCX2_CENNO
A0A1D5PK40	A0A1D5PK40	A0A1D5PK40_CHICK
Q8TEK3	Q8TEK3	DOT1L_HUMAN
Q910D6	Q910D6	RDRP_I68A4
Q9P1Z3	Q9P1Z3	HCN3_HUMAN
P21730	P21730	C5AR1_HUMAN
P08508	P08508	FCGR3_MOUSE
Q9R0M6	Q9R0M6	RAB9A_MOUSE
P43215	P43215	MPAP6_PHLPR
Q91XM9	Q91XM9	DLG2_MOUSE
P05539	P05539	CO2A1_RAT
P18177	P18177	TOXB_CLODI
Q92614	Q92614	MY18A_HUMAN
Q32ZE1	Q32ZE1	POLG_ZIKV
P07750	P07750	IL4_MOUSE
P03521	P03521	NCAP_VSIVA
Q96F46	Q96F46	I17RA_HUMAN
P03375	P03375	ENV_HV1B1
P56485	P56485	ACKR3_MOUSE
Q9HCE7	Q9HCE7	SMUF1_HUMAN
A0A2K6ACJ1	A0A2K6ACJ1	A0A2K6ACJ1_MANLE
A0A2I2UKP7	A0A2I2UKP7	A0A2I2UKP7_FELCA
Q8VCM7	Q8VCM7	FIBG_MOUSE
P03138	P03138	HBSAG_HBVD3
Q9GZV9	Q9GZV9	FGF23_HUMAN
P59901	P59901	LIRA4_HUMAN
Q59262	Q59262	Q59262_CLOAT
Q925N3	Q925N3	PEX5R_RAT
P51884	P51884	LUM_HUMAN
P03957	P03957	MMP3_RAT
Q9JHI8	Q9JHI8	NOX4_MOUSE
P51531	P51531	SMCA2_HUMAN
P08667	P08667	GLYCO_RABVP
P18827	P18827	SDC1_HUMAN
G3V9M2	G3V9M2	JIP2_RAT
Q9NQW7	Q9NQW7	XPP1_HUMAN
Q05315	Q05315	LEG10_HUMAN
P29274	P29274	AA2AR_HUMAN
Q96EP0	Q96EP0	RNF31_HUMAN
P04972	P04972	CNRG_BOVIN
P37377	P37377	SYUA_RAT
Q9GPQ4	Q9GPQ4	Q9GPQ4_TRYVI
Q96BF3	Q96BF3	TMIG2_HUMAN
G7PKI3	G7PKI3	G7PKI3_MACFA
P05231	P05231	IL6_HUMAN
Q09427	Q09427	ABCC8_CRICR
P06276	P06276	CHLE_HUMAN
W7K270	W7K270	W7K270_PLAFO
Q75U93	Q75U93	Q75U93_PAVHB
O14771	O14771	ZN213_HUMAN
P08887	P08887	IL6RA_HUMAN
O95484	O95484	CLD9_HUMAN
A0A2I2TZY2	A0A2I2TZY2	A0A2I2TZY2_FELCA
Q53643	Q53643	Q53643_STAAU
Q54KF7	Q54KF7	SIBA_DICDI
Q9UHJ3	Q9UHJ3	SMBT1_HUMAN
A0A069PZQ7	A0A069PZQ7	A0A069PZQ7_PSEAI
P54761	P54761	EPHB4_MOUSE
P51681	P51681	CCR5_HUMAN
P28862	P28862	MMP3_MOUSE
P11247	P11247	PERM_MOUSE
Q8R1R4	Q8R1R4	IL34_MOUSE
O14763	O14763	TR10B_HUMAN
P60174	P60174	TPIS_HUMAN
O52269	O52269	O52269_HELPX
P10903	P10903	NARK_ECOLI
O82580	O82580	O82580_ARAHY
Q51183	Q51183	Q51183_NEIME
Q13263	Q13263	TIF1B_HUMAN
Q0ED31	Q0ED31	Q0ED31_9HIV1
O08689	O08689	GDF8_MOUSE
I0ZGT1	I0ZGT1	I0ZGT1_HELPX
G7PXK0	G7PXK0	G7PXK0_MACFA
P43366	P43366	MAGB1_HUMAN
P12476	P12476	VP7_ROTRH
A5X493	A5X493	A5X493_FASHE
P26718	P26718	NKG2D_HUMAN
Q92882	Q92882	OSTF1_HUMAN
Q9FZ11	Q9FZ11	Q9FZ11_ARAHY
P14337	P14337	POLG_DEN28
P48721	P48721	GRP75_RAT
Q9JFA1	Q9JFA1	CAHH_VACCT
Q8BGH4	Q8BGH4	REEP1_MOUSE
P04925	P04925	PRIO_MOUSE
Q06643	Q06643	TNFC_HUMAN
Q54KX3	Q54KX3	VP13F_DICDI
P98088	P98088	MUC5A_HUMAN
P26331	P26331	VSM1_TRYBB
P04233	P04233	HG2A_HUMAN
P02920	P02920	LACY_ECOLI
Q02487	Q02487	DSC2_HUMAN
Q13478	Q13478	IL18R_HUMAN
Q82446	Q82446	CAPSD_HASV2
Q6PSU2	Q6PSU2	CONG7_ARAHY
Q5EBB1	Q5EBB1	Q5EBB1_RAT
F5HET4	F5HET4	U131A_HCMVM
P01862	P01862	IGHG2_CAVPO
F5XVB1	F5XVB1	F5XVB1_CAVPO
Q9Y6W8	Q9Y6W8	ICOS_HUMAN
Q08431	Q08431	MFGM_HUMAN
G7P525	G7P525	G7P525_MACFA
Q2YFS3	Q2YFS3	PILRA_MOUSE
P36894	P36894	BMR1A_HUMAN
Q6G8A9	Q6G8A9	LUKDV_STAAS
Q3URE9	Q3URE9	LIGO2_MOUSE
Q5VUG0	Q5VUG0	SMBT2_HUMAN
O15321	O15321	TM9S1_HUMAN
B2L3N7	B2L3N7	B2L3N7_PLAFA
A1A5D2	A1A5D2	A1A5D2_HUMAN
Q9Y5Z0	Q9Y5Z0	BACE2_HUMAN
G7NQW1	G7NQW1	G7NQW1_MACMU
Q810U4	Q810U4	NRCAM_MOUSE
P0DPI0	P0DPI0	BXA1_CLOBO
Q9VHS8	Q9VHS8	IF4A3_DROME
Q8WTT0	Q8WTT0	CLC4C_HUMAN
A0A2K5WP38	A0A2K5WP38	A0A2K5WP38_MACFA
Q9I5S9	Q9I5S9	Q9I5S9_PSEAE
Q91349	Q91349	Q91349_XENLA
Q02357	Q02357	ANK1_MOUSE
P01266	P01266	THYG_HUMAN
P01868	P01868	IGHG1_MOUSE
P05362	P05362	ICAM1_HUMAN
Q9IVZ8	Q9IVZ8	CAPSD_HEVCT
P02776	P02776	PLF4_HUMAN
P01552	P01552	ETXB_STAAU
P15328	P15328	FOLR1_HUMAN
P32004	P32004	L1CAM_HUMAN
Q9BZP6	Q9BZP6	CHIA_HUMAN
O00622	O00622	CCN1_HUMAN
P43427	P43427	GTR5_RAT
Q96IY4	Q96IY4	CBPB2_HUMAN
O14647	O14647	CHD2_HUMAN
Q6UY72	Q6UY72	Q6UY72_JUNIN
Q6Q794	Q6Q794	Q6Q794_9INFA
P11006	P11006	MAGA_XENLA
Q9R182	Q9R182	ANGL3_MOUSE
Q9H5Y7	Q9H5Y7	SLIK6_HUMAN
D3GU39	D3GU39	D3GU39_ECO44
Q7YT37	Q7YT37	Q7YT37_ANOST
P97492	P97492	RGS14_MOUSE
Q9Y2L8	Q9Y2L8	ZKSC5_HUMAN
Q07011	Q07011	TNR9_HUMAN
C7G0W1	C7G0W1	C7G0W1_CANLF
O60678	O60678	ANM3_HUMAN
O00391	O00391	QSOX1_HUMAN
P01871	P01871	IGHM_HUMAN
P20766	P20766	LAC1_RAT
Q02763	Q02763	TIE2_HUMAN
P01256	P01256	CALCA_RAT
Q05329	Q05329	DCE2_HUMAN
P12318	P12318	FCG2A_HUMAN
P42866	P42866	OPRM_MOUSE
Q9BXA5	Q9BXA5	SUCR1_HUMAN
Q6RVA2	Q6RVA2	Q6RVA2_WNV
Q9JPT2	Q9JPT2	Q9JPT2_NEIME
P84022	P84022	SMAD3_HUMAN
P07564	P07564	POLG_DEN2J
Q8K094	Q8K094	Q8K094_MOUSE
Q9NVP2	Q9NVP2	ASF1B_HUMAN
P11229	P11229	ACM1_HUMAN
P52793	P52793	EFNA1_MOUSE
Q99795	Q99795	GPA33_HUMAN
P43214	P43214	MPAP2_PHLPR
P04637	P04637	P53_HUMAN
Q47212	Q47212	Q47212_ECOLX
Q00387	Q00387	EP45_XENLA
P05067	P05067	A4_HUMAN
Q99VJ4	Q99VJ4	CLFA_STAAN
P42081	P42081	CD86_HUMAN
Q9NRC8	Q9NRC8	SIR7_HUMAN
P25918	P25918	CD19_MOUSE
Q9ET39	Q9ET39	SLAF6_MOUSE
Q6U7R4	Q6U7R4	TIMD4_MOUSE
P32890	P32890	ELBP_ECOLX
P05017	P05017	IGF1_MOUSE
P09544	P09544	WNT2_HUMAN
E7FET3	E7FET3	E7FET3_DANRE
E7CWP5	E7CWP5	E7CWP5_SIV
P06732	P06732	KCRM_HUMAN
Q28896	Q28896	CD52_CANLF
Q62226	Q62226	SHH_MOUSE
Q9UM47	Q9UM47	NOTC3_HUMAN
P06320	P06320	TVB7_MOUSE
Q9HB29	Q9HB29	ILRL2_HUMAN
Q8N371	Q8N371	KDM8_HUMAN
A0A2K5UV67	A0A2K5UV67	A0A2K5UV67_MACFA
Q9WCD9	Q9WCD9	HEMA_I30A0
O75015	O75015	FCG3B_HUMAN
P07306	P07306	ASGR1_HUMAN
P03462	P03462	HEMA_INBHK
Q6VMK1	Q6VMK1	Q6VMK1_9INFA
P23979	P23979	5HT3A_MOUSE
P21447	P21447	MDR1A_MOUSE
Q96FX8	Q96FX8	PERP_HUMAN
Q16671	Q16671	AMHR2_HUMAN
Q6ZMJ4	Q6ZMJ4	IL34_HUMAN
Q9WUT2	Q9WUT2	Q9WUT2_MOUSE
O00206	O00206	TLR4_HUMAN
P14780	P14780	MMP9_HUMAN
P19550	P19550	ENV_HV1S1
O43150	O43150	ASAP2_HUMAN
Q9SYW3	Q9SYW3	Q9SYW3_MALDO
P04062	P04062	GLCM_HUMAN
Q92913	Q92913	FGF13_HUMAN
Q7K4Y6	Q7K4Y6	DAT_DROME
P05556	P05556	ITB1_HUMAN
P60568	P60568	IL2_HUMAN
O95256	O95256	I18RA_HUMAN
P48357	P48357	LEPR_HUMAN
P14740	P14740	DPP4_RAT
P20151	P20151	KLK2_HUMAN
P17455	P17455	CAPSD_PAVCD
A0A0H2XFN4	A0A0H2XFN4	A0A0H2XFN4_STAA3
P23632	P23632	RLA2_TRYCR
Q09429	Q09429	ABCC8_RAT
Q06187	Q06187	BTK_HUMAN
Q83WB0	Q83WB0	Q83WB0_BACAN
P57082	P57082	TBX4_HUMAN
P37023	P37023	ACVL1_HUMAN
A0A2K5VLY1	A0A2K5VLY1	A0A2K5VLY1_MACFA
P02743	P02743	SAMP_HUMAN
O14793	O14793	GDF8_HUMAN
P35462	P35462	DRD3_HUMAN
O16114	O16114	O16114_DROME
Q86Z14	Q86Z14	KLOTB_HUMAN
Q9ULJ3	Q9ULJ3	ZBT21_HUMAN
Q9NZ45	Q9NZ45	CISD1_HUMAN
P05107	P05107	ITB2_HUMAN
C3W5S3	C3W5S3	C3W5S3_I09A0
Q76LX8	Q76LX8	ATS13_HUMAN
P61252	P61252	NKG2D_MACFA
Q8SY33	Q8SY33	GAWKY_DROME
P05121	P05121	PAI1_HUMAN
P05787	P05787	K2C8_HUMAN
C6XHV6	C6XHV6	C6XHV6_LIBAP
P01833	P01833	PIGR_HUMAN
P20871	P20871	ENV_HV1JR
P15529	P15529	MCP_HUMAN
Q61521	Q61521	EREG_MOUSE
Q57193	Q57193	Q57193_VIBCL
A0A2K5TZ77	A0A2K5TZ77	A0A2K5TZ77_MACFA
C6ZIH2	C6ZIH2	C6ZIH2_9HIV1
Q58026	Q58026	Y609_METJA
P04864	P04864	CAPSD_FPV
P69332	P69332	US28_HCMVA
Q9UKX5	Q9UKX5	ITA11_HUMAN
Q5ZKX9	Q5ZKX9	ERD22_CHICK
Q00496	Q00496	BXE_CLOBO
Q8BNE2	Q8BNE2	Q8BNE2_MOUSE
Q9BQG1	Q9BQG1	SYT3_HUMAN
Q01147	Q01147	CREB1_MOUSE
Q9H9D4	Q9H9D4	ZN408_HUMAN
P04756	P04756	ACHA_MOUSE
Q8K3T4	Q8K3T4	FFAR1_RAT
P18509	P18509	PACA_HUMAN
P05981	P05981	HEPS_HUMAN
Q61559	Q61559	FCGRN_MOUSE
P01374	P01374	TNFB_HUMAN
O76071	O76071	CIAO1_HUMAN
Q9H461	Q9H461	FZD8_HUMAN
A0A140AYW5	A0A140AYW5	A0A140AYW5_MERS
P01563	P01563	IFNA2_HUMAN
E3SH28	E3SH28	PRU01_PRUDU
Q15848	Q15848	ADIPO_HUMAN
Q9BV36	Q9BV36	MELPH_HUMAN
Q92544	Q92544	TM9S4_HUMAN
P08476	P08476	INHBA_HUMAN
Q9YK84	Q9YK84	Q9YK84_9HEPC
P10809	P10809	CH60_HUMAN
P02686	P02686	MBP_HUMAN
Q689G3	Q689G3	Q689G3_9FLAV
P16581	P16581	LYAM2_HUMAN
P05230	P05230	FGF1_HUMAN
P49411	P49411	EFTU_HUMAN
P15311	P15311	EZRI_HUMAN
C1JYS6	C1JYS6	C1JYS6_PAPHA
O43497	O43497	CAC1G_HUMAN
P14778	P14778	IL1R1_HUMAN
Q16665	Q16665	HIF1A_HUMAN
G7P5K3	G7P5K3	G7P5K3_MACFA
P03309	P03309	POLG_FMDVC
Q1K9Q1	Q1K9Q1	NRAM_I57A0
Q0VBD0	Q0VBD0	ITB8_MOUSE
P01562	P01562	IFNA1_HUMAN
Q9Y6K1	Q9Y6K1	DNM3A_HUMAN
Q45664	Q45664	Q45664_GEOSE
P34982	P34982	OR1D2_HUMAN
Q9VY45	Q9VY45	Q9VY45_DROME
O95274	O95274	LYPD3_HUMAN
P55075	P55075	FGF8_HUMAN
Q95J86	Q95J86	GDF8_MACFA
P05013	P05013	IFNA6_HUMAN
P25799	P25799	NFKB1_MOUSE
P57786	P57786	TAU_MACMU
Q9BX66	Q9BX66	SRBS1_HUMAN
Q6VVB1	Q6VVB1	NHLC1_HUMAN
Q99K10	Q99K10	NLGN1_MOUSE
P38507	P38507	SPA_STAAU
P10415	P10415	BCL2_HUMAN
Q9ICU1	Q9ICU1	Q9ICU1_9POTV
E1B792	E1B792	E1B792_BOVIN
Q6LBF1	Q6LBF1	Q6LBF1_BORBP
Q15KJ1	Q15KJ1	Q15KJ1_PIG
P10923	P10923	OSTP_MOUSE
G7PVX6	G7PVX6	G7PVX6_MACFA
Q6P9G9	Q6P9G9	ZN449_HUMAN
Q9UBS5	Q9UBS5	GABR1_HUMAN
Q38SD2	Q38SD2	LRRK1_HUMAN
P05881	P05881	ENV_HV1ZH
Q5F4T5	Q5F4T5	Q5F4T5_9CALI
Q9E100	Q9E100	Q9E100_9FLAV
Q9VV48	Q9VV48	Q9VV48_DROME
P01012	P01012	OVAL_CHICK
Q9H6W3	Q9H6W3	RIOX1_HUMAN
O14976	O14976	GAK_HUMAN
P16568	P16568	BICD_DROME
P70169	P70169	DOC2B_MOUSE
Q01344	Q01344	IL5RA_HUMAN
P04908	P04908	H2A1B_HUMAN
P10761	P10761	ZP3_MOUSE
A8W891	A8W891	A8W891_9INFA
Q14839	Q14839	CHD4_HUMAN
P52663	P52663	BLAN_ENTCL
O14807	O14807	RASM_HUMAN
Q9UKX2	Q9UKX2	MYH2_HUMAN
G7PAY1	G7PAY1	G7PAY1_MACFA
Q9PZT1	Q9PZT1	NS1_PAVHV
Q54H46	Q54H46	DRKA_DICDI
Q9BY76	Q9BY76	ANGL4_HUMAN
Q9UJQ4	Q9UJQ4	SALL4_HUMAN
P08796	P08796	CSA_DICDI
O54908	O54908	DKK1_MOUSE
Q9H293	Q9H293	IL25_HUMAN
Q9UNF0	Q9UNF0	PACN2_HUMAN
P27416	P27416	GH_SUHVK
Q6ZY27	Q6ZY27	Q6ZY27_FELCA
P03069	P03069	GCN4_YEAST
Q9Y3Q8	Q9Y3Q8	T22D4_HUMAN
W8GRF8	W8GRF8	W8GRF8_9VIRU
Q9P1W8	Q9P1W8	SIRPG_HUMAN
P27925	P27925	CREB1_BOVIN
P01317	P01317	INS_BOVIN
O88704	O88704	HCN1_MOUSE
O14944	O14944	EREG_HUMAN
Q9NPI1	Q9NPI1	BRD7_HUMAN
M1E1E4	M1E1E4	M1E1E4_9HIV1
P35670	P35670	ATP7B_HUMAN
Q6IWF5	Q6IWF5	Q6IWF5_TRYCR
Q86U86	Q86U86	PB1_HUMAN
Q9W1I0	Q9W1I0	Q9W1I0_DROME
P00004	P00004	CYC_HORSE
Q9V9V7	Q9V9V7	Q9V9V7_DROME
P02771	P02771	FETA_HUMAN
Q9H4B8	Q9H4B8	DPEP3_HUMAN
P05877	P05877	ENV_HV1MN
Q91WS0	Q91WS0	CISD1_MOUSE
Q9QP77	Q9QP77	NCAP_EBOSB
Q8BYM5	Q8BYM5	NLGN3_MOUSE
P49771	P49771	FLT3L_HUMAN
Q960Z4	Q960Z4	Q960Z4_DROME
Q54WZ3	Q54WZ3	VACC_DICDI
A0A0H2XFK0	A0A0H2XFK0	A0A0H2XFK0_STAA3
Q8IFM8	Q8IFM8	CYRPA_PLAF7
P54764	P54764	EPHA4_HUMAN
P03141	P03141	HBSAG_HBVA3
Q8ITD7	Q8ITD7	Q8ITD7_SCHMA
P08025	P08025	IGF1_RAT
O70507	O70507	HCN4_MOUSE
Q91C35	Q91C35	HBSAG_HBVA6
Q5G5V1	Q5G5V1	Q5G5V1_9HIV1
Q6GA86	Q6GA86	ISDB_STAAS
P03101	P03101	VL1_HPV16
E5G5X2	E5G5X2	E5G5X2_9GEMI
Q2YHF0	Q2YHF0	POLG_DEN4T
Q9H7E2	Q9H7E2	TDRD3_HUMAN
A2V9Z4	A2V9Z4	ALBU_MACFA
P62316	P62316	SMD2_HUMAN
O14625	O14625	CXL11_HUMAN
C0LT38	C0LT38	C0LT38_9INFB
C6KNH7	C6KNH7	C6KNH7_9INFA
P55209	P55209	NP1L1_HUMAN
Q8T4F9	Q8T4F9	Q8T4F9_DROME
P07299	P07299	CAPSD_PAVHU
P01112	P01112	RASH_HUMAN
P0AE72	P0AE72	MAZE_ECOLI
P08648	P08648	ITA5_HUMAN
P27824	P27824	CALX_HUMAN
P11942	P11942	CD3G_MOUSE
P19438	P19438	TNR1A_HUMAN
Q9NP84	Q9NP84	TNR12_HUMAN
B2YFS0	B2YFS0	B2YFS0_9HIV1
P07724	P07724	ALBU_MOUSE
P68363	P68363	TBA1B_HUMAN
Q92035	Q92035	ACES_BUNFA
O43570	O43570	CAH12_HUMAN
B7T089	B7T089	B7T089_PLAVI
Q8WZ42	Q8WZ42	TITIN_HUMAN
Q14995	Q14995	NR1D2_HUMAN
P27915	P27915	POLG_DEN3P
P06396	P06396	GELS_HUMAN
Q1K9M3	Q1K9M3	Q1K9M3_9INFA
Q60393	Q60393	BXG_CLOBO
Q9UJW2	Q9UJW2	TINAG_HUMAN
O18453	O18453	O18453_HETGL
P21980	P21980	TGM2_HUMAN
Q9VUY6	Q9VUY6	Q9VUY6_DROME
P42574	P42574	CASP3_HUMAN
Q3UWC2	Q3UWC2	Q3UWC2_MOUSE
O00144	O00144	FZD9_HUMAN
P25724	P25724	NANOS_DROME
P25816	P25816	PROF1_BETPN
Q9BTE3	Q9BTE3	MCMBP_HUMAN
P58400	P58400	NRX1B_HUMAN
Q08345	Q08345	DDR1_HUMAN
Q04245	Q04245	Q04245_9ALPH
Q808T3	Q808T3	Q808T3_9FLAV
Q9ICB7	Q9ICB7	Q9ICB7_WSSV
P51682	P51682	CCR5_MOUSE
O40815	O40815	O40815_I93A0
Q8IVI9	Q8IVI9	NOSTN_HUMAN
Q47644	Q47644	Q47644_ECOLX
O60885	O60885	BRD4_HUMAN
A7GBG3	A7GBG3	BXF_CLOBL
P15144	P15144	AMPN_HUMAN
Q9R0K7	Q9R0K7	AT2B2_MOUSE
P31994	P31994	FCG2B_HUMAN
Q9QZZ2	Q9QZZ2	CD1B1_CAVPO
P13897	P13897	POLS_WEEV
P27548	P27548	CD40L_MOUSE
P03314	P03314	POLG_YEFV1
Q9UKN5	Q9UKN5	PRDM4_HUMAN
Q7T9D9	Q7T9D9	VGP_EBOSU
I6YE93	I6YE93	I6YE93_CLODI
P07359	P07359	GP1BA_HUMAN
I0ZGT0	I0ZGT0	I0ZGT0_HELPX
Q9Y5Y6	Q9Y5Y6	ST14_HUMAN
Q86YW5	Q86YW5	TRML1_HUMAN
Q99075	Q99075	HBEGF_HUMAN
G7P819	G7P819	G7P819_MACFA
O95866	O95866	G6B_HUMAN
O15060	O15060	ZBT39_HUMAN
Q9BIM8	Q9BIM8	Q9BIM8_PLAFA
P10147	P10147	CCL3_HUMAN
Q12708	Q12708	PGLR1_SCLSC
P81172	P81172	HEPC_HUMAN
P14947	P14947	MPAL2_LOLPR
Q54ZW0	Q54ZW0	PHG1B_DICDI
Q01705	Q01705	NOTC1_MOUSE
P03070	P03070	LT_SV40
Q05127	Q05127	VP35_EBOZM
P41597	P41597	CCR2_HUMAN
Q7DI68	Q7DI68	Q7DI68_ECO57
A0A0H2XH48	A0A0H2XH48	A0A0H2XH48_STAA3
Q0P9C4	Q0P9C4	PGLK_CAMJE
Q707C1	Q707C1	Q707C1_ECOLX
P21556	P21556	PTAFR_CAVPO
I7FQ90	I7FQ90	I7FQ90_PRRSV
P49815	P49815	TSC2_HUMAN
Q5HGS6	Q5HGS6	FIB_STAAC
P11672	P11672	NGAL_MOUSE
Q8AZ57	Q8AZ57	Q8AZ57_MACHU
Q8VIM0	Q8VIM0	HAVR2_MOUSE
P09067	P09067	HXB5_HUMAN
Q07FI5	Q07FI5	HEMA_I96A3
O88792	O88792	JAM1_MOUSE
O54819	O54819	TFPI1_MOUSE
P02452	P02452	CO1A1_HUMAN
O14907	O14907	TX1B3_HUMAN
P22607	P22607	FGFR3_HUMAN
Q9XYS3	Q9XYS3	NOXA_DICDI
P13612	P13612	ITA4_HUMAN
P18272	P18272	NCAP_EBOZM
P70610	P70610	DOC2B_RAT
Q08351	Q08351	TPOR_MOUSE
P01870	P01870	IGHG_RABIT
Q05909	Q05909	PTPRG_MOUSE
Q7M6Z0	Q7M6Z0	R4RL2_MOUSE
P04792	P04792	HSPB1_HUMAN
P04180	P04180	LCAT_HUMAN
P19331	P19331	IM23_SCHMA
K9US75	K9US75	K9US75_EBVG
X5DSL3	X5DSL3	X5DSL3_ANAMA
Q5TCZ1	Q5TCZ1	SPD2A_HUMAN
P03212	P03212	GL_EBVB9
P03139	P03139	HBSAG_HBVD1
P00749	P00749	UROK_HUMAN
Q15758	Q15758	AAAT_HUMAN
Q9DHG0	Q9DHG0	Q9DHG0_9INFA
Q923X1	Q923X1	AGRL4_MOUSE
P35968	P35968	VGFR2_HUMAN
Q9GK78	Q9GK78	UPAR_MACFA
P56747	P56747	CLD6_HUMAN
P36957	P36957	ODO2_HUMAN
Q9VUQ5	Q9VUQ5	AGO2_DROME
O70325	O70325	GPX4_MOUSE
Q9NXA8	Q9NXA8	SIR5_HUMAN
Q99N28	Q99N28	CADM3_MOUSE
P08253	P08253	MMP2_HUMAN
P20171	P20171	RASH_RAT
Q7JPC7	Q7JPC7	Q7JPC7_DROME
O43167	O43167	ZBT24_HUMAN
Q12154	Q12154	GET3_YEAST
O14672	O14672	ADA10_HUMAN
A0A2I2MCE7	A0A2I2MCE7	A0A2I2MCE7_VACCW
Q8QZZ8	Q8QZZ8	RAB38_MOUSE
P01837	P01837	IGKC_MOUSE
Q8BVE8	Q8BVE8	NSD2_MOUSE
P01850	P01850	TRBC1_HUMAN
Q99856	Q99856	ARI3A_HUMAN
P06126	P06126	CD1A_HUMAN
Q66814	Q66814	VGP_EBOSB
Q9ULI0	Q9ULI0	ATD2B_HUMAN
A0A192GPS0	A0A192GPS0	A0A192GPS0_ZIKV
Q94540	Q94540	Q94540_DROME
Q68IQ2	Q68IQ2	Q68IQ2_9PICO
R9U684	R9U684	R9U684_9INFA
P09616	P09616	HLA_STAAU
Q8NFZ8	Q8NFZ8	CADM4_HUMAN
P62873	P62873	GBB1_HUMAN
Q7TPD3	Q7TPD3	ROBO2_MOUSE
Q54Q68	Q54Q68	Q54Q68_DICDI
P49927	P49927	PRIO_PIG
Q48245	Q48245	VACA2_HELPX
P33527	P33527	MRP1_HUMAN
Q55BA2	Q55BA2	U522C_DICDI
G1ECB4	G1ECB4	G1ECB4_TRYCR
P50281	P50281	MMP14_HUMAN
P97287	P97287	MCL1_MOUSE
P01854	P01854	IGHE_HUMAN
Q8CHY6	Q8CHY6	P66A_MOUSE
P78556	P78556	CCL20_HUMAN
Q3TIR3	Q3TIR3	RIC8A_MOUSE
Q61606	Q61606	GLR_MOUSE
P24394	P24394	IL4RA_HUMAN
P24390	P24390	ERD21_HUMAN
G7Q177	G7Q177	G7Q177_MACFA
D5LHI1	D5LHI1	D5LHI1_BORGR
P11208	P11208	PHOSP_PIV5
P35498	P35498	SCN1A_HUMAN
Q202J8	Q202J8	Q202J8_9HIV1
P08962	P08962	CD63_HUMAN
P0A333	P0A333	KCSA_STRCO
Q2G1X0	Q2G1X0	HLA_STAA8
Q63690	Q63690	BAX_RAT
Q00657	Q00657	CSPG4_RAT
P03434	P03434	PA_I68A6
Q96KB5	Q96KB5	TOPK_HUMAN
P49884	P49884	ESR1_BOVIN
P40136	P40136	CYAA_BACAN
Q6YFR6	Q6YFR6	Q6YFR6_9FLAV
P01579	P01579	IFNG_HUMAN
O14493	O14493	CLD4_HUMAN
Q9MCC1	Q9MCC1	TUBE_BPLP2
O15151	O15151	MDM4_HUMAN
P24161	P24161	CD3Z_MOUSE
P01849	P01849	TCA_MOUSE
P00644	P00644	NUC_STAAU
Q3LRV9	Q3LRV9	TRML4_MOUSE
P27588	P27588	NCAP_MABVM
P06015	P06015	VSA1_TRYBB
P37840	P37840	SYUA_HUMAN
Q53653	Q53653	CLFA_STAAE
Q4LE39	Q4LE39	ARI4B_HUMAN
Q9GQZ3	Q9GQZ3	Q9GQZ3_PLAFA
P13600	P13600	NGF_BOVIN
P04937	P04937	FINC_RAT
Q96PU8	Q96PU8	QKI_HUMAN
P0A015	P0A015	SPA_STAAM
Q0VGJ9	Q0VGJ9	Q0VGJ9_RAT
P10279	P10279	PRIO_BOVIN
O15392	O15392	BIRC5_HUMAN
B6KA38	B6KA38	B6KA38_TOXGV
P08306	P08306	COX2_PARDE
Q61468	Q61468	MSLN_MOUSE
Q9Y251	Q9Y251	HPSE_HUMAN
P32119	P32119	PRDX2_HUMAN
K9M1U5	K9M1U5	IFNL4_HUMAN
P43406	P43406	ITAV_MOUSE
P23818	P23818	GRIA1_MOUSE
P19490	P19490	GRIA1_RAT
P01137	P01137	TGFB1_HUMAN
P12314	P12314	FCGR1_HUMAN
O00592	O00592	PODXL_HUMAN
P08603	P08603	CFAH_HUMAN
P01843	P01843	LAC1_MOUSE
Q9ERW3	Q9ERW3	FGF13_RAT
P12272	P12272	PTHR_HUMAN
Q10741	Q10741	ADA10_BOVIN
Q9UAM5	Q9UAM5	Q9UAM5_BLAGE
Q96JM7	Q96JM7	LMBL3_HUMAN
A0A0U3B942	A0A0U3B942	A0A0U3B942_9MONO
P43626	P43626	KI2L1_HUMAN
Q8WXE9	Q8WXE9	STON2_HUMAN
Q63645	Q63645	PAR2_RAT
Q9Z0S7	Q9Z0S7	CLD9_MOUSE
P04083	P04083	ANXA1_HUMAN
Q9BQB4	Q9BQB4	SOST_HUMAN
Q9CR33	Q9CR33	MANS1_MOUSE
Q960Y4	Q960Y4	Q960Y4_DROME
E0CZH3	E0CZH3	E0CZH3_MOUSE
Q16570	Q16570	ACKR1_HUMAN
Q2N0S7	Q2N0S7	Q2N0S7_9HIV1
Q54TM7	Q54TM7	DRKD_DICDI
A0A0A0MS01	A0A0A0MS01	A0A0A0MS01_HUMAN
A0A140HDM3	A0A140HDM3	A0A140HDM3_MACFA
Q4R8W8	Q4R8W8	AAAT_MACFA
P36969	P36969	GPX4_HUMAN
P42680	P42680	TEC_HUMAN
P03528	P03528	SIGM1_REOVD
Q15776	Q15776	ZKSC8_HUMAN
P00808	P00808	BLAC_BACLI
Q96B86	Q96B86	RGMA_HUMAN
Q9H7B4	Q9H7B4	SMYD3_HUMAN
B1H241	B1H241	B1H241_RAT
P29066	P29066	ARRB1_RAT
Q8LLI5	Q8LLI5	Q8LLI5_ACHAM
O15259	O15259	NPHP1_HUMAN
P0ABQ4	P0ABQ4	DYR_ECOLI
Q9U6N4	Q9U6N4	Q9U6N4_DROME
P05555	P05555	ITAM_MOUSE
C3UPB8	C3UPB8	C3UPB8_9MONO
Q9Y2K7	Q9Y2K7	KDM2A_HUMAN
Q2FWP0	Q2FWP0	LUKL1_STAA8
P15917	P15917	LEF_BACAN
F1PPY4	F1PPY4	F1PPY4_CANLF
Q2N0S5	Q2N0S5	Q2N0S5_9HIV1
P67875	P67875	RNMG_ASPFU
P31783	P31783	CD8A_BOVIN
Q6BC19	Q6BC19	Q6BC19_9HIV1
P40259	P40259	CD79B_HUMAN
E3T3A7	E3T3A7	E3T3A7_9RHAB
P04587	P04587	POL_HV1B5
P18505	P18505	GBRB1_HUMAN
Q969D9	Q969D9	TSLP_HUMAN
P30996	P30996	BXF_CLOBO
P02877	P02877	HEVE_HEVBR
P03452	P03452	HEMA_I34A1
P20489	P20489	FCERA_MOUSE
Q9UA06	Q9UA06	Q9UA06_ECHGR
Q86B07	Q86B07	Q86B07_DICDI
P02730	P02730	B3AT_HUMAN
P03142	P03142	HBSAG_HBVA2
P00451	P00451	FA8_HUMAN
P04190	P04190	BLA2_BACCE
P04195	P04195	CAHH_VACCW
P19137	P19137	LAMA1_MOUSE
P11182	P11182	ODB2_HUMAN
P54132	P54132	BLM_HUMAN
Q6NUN9	Q6NUN9	ZN746_HUMAN
Q9HC52	Q9HC52	CBX8_HUMAN
Q9NRS4	Q9NRS4	TMPS4_HUMAN
P56818	P56818	BACE1_MOUSE
P08709	P08709	FA7_HUMAN
Q9N0N8	Q9N0N8	Q9N0N8_CANLF
P78325	P78325	ADAM8_HUMAN
Q498D6	Q498D6	FGFR4_RAT
Q27000	Q27000	Q27000_TOXGO
Q80Z71	Q80Z71	TENN_MOUSE
B0FYW6	B0FYW6	B0FYW6_TRYEV
Q1WDM0	Q1WDM0	Q1WDM0_9INFA
P12023	P12023	A4_MOUSE
G3KCK8	G3KCK8	G3KCK8_9MONO
P03472	P03472	NRAM_I75A5
D4A193	D4A193	D4A193_RAT
E9BC28	E9BC28	E9BC28_LEIDB
Q9H2X3	Q9H2X3	CLC4M_HUMAN
S5MF06	S5MF06	S5MF06_9INFA
Q51220	Q51220	Q51220_NEIME
P28907	P28907	CD38_HUMAN
Q81186	Q81186	Q81186_HBV
Q7Z7D3	Q7Z7D3	VTCN1_HUMAN
P12883	P12883	MYH7_HUMAN
Q9UKD1	Q9UKD1	GMEB2_HUMAN
P22543	P22543	VPS34_YEAST
P17181	P17181	INAR1_HUMAN
P36941	P36941	TNR3_HUMAN
C3W5S1	C3W5S1	C3W5S1_I09A0
Q8WUI4	Q8WUI4	HDAC7_HUMAN
P09211	P09211	GSTP1_HUMAN
Q9BY67	Q9BY67	CADM1_HUMAN
G2QNH0	G2QNH0	G2QNH0_MYCTT
A6NJL1	A6NJL1	ZSA5B_HUMAN
P03300	P03300	POLG_POL1M
P41222	P41222	PTGDS_HUMAN
Q9Z183	Q9Z183	PADI4_MOUSE
P37019	P37019	CLCA_ECOLI
G7Q0S8	G7Q0S8	G7Q0S8_MACFA
C3W634	C3W634	C3W634_9INFA
P21333	P21333	FLNA_HUMAN
P26010	P26010	ITB7_HUMAN
B8XCN6	B8XCN6	B8XCN6_9MONO
P40748	P40748	SYT3_RAT
P07550	P07550	ADRB2_HUMAN
P35818	P35818	GSPD_PSEAE
Q9JJS8	Q9JJS8	MASP2_RAT
P9WNK7	P9WNK7	ESXA_MYCTU
Q7Z6B7	Q7Z6B7	SRGP1_HUMAN
P04626	P04626	ERBB2_HUMAN
P48546	P48546	GIPR_HUMAN
P41235	P41235	HNF4A_HUMAN
P31645	P31645	SC6A4_HUMAN
P49765	P49765	VEGFB_HUMAN
P10145	P10145	IL8_HUMAN
P02550	P02550	TBA1A_PIG
P61328	P61328	FGF12_HUMAN
P10300	P10300	CD8B_MOUSE
P15260	P15260	INGR1_HUMAN
P21448	P21448	MDR1_CRIGR
Q9U6C4	Q9U6C4	Q9U6C4_PLAFA
P00441	P00441	SODC_HUMAN
P01730	P01730	CD4_HUMAN
P06436	P06436	GB_HHV1F
P02647	P02647	APOA1_HUMAN
Q7Z4V5	Q7Z4V5	HDGR2_HUMAN
A0A0D9S8N1	A0A0D9S8N1	A0A0D9S8N1_CHLSB
P43121	P43121	MUC18_HUMAN
P01139	P01139	NGF_MOUSE
P35292	P35292	RAB17_MOUSE
Q9HCN6	Q9HCN6	GPVI_HUMAN
A0A2K5WL90	A0A2K5WL90	A0A2K5WL90_MACFA
F5HCP3	F5HCP3	UL130_HCMVM
Q9NIV0	Q9NIV0	RHGA_DICDI
Q15672	Q15672	TWST1_HUMAN
Q9WYC3	Q9WYC3	Q9WYC3_THEMA
Q53H47	Q53H47	SETMR_HUMAN
Q54JA5	Q54JA5	SIBC_DICDI
D3Z120	D3Z120	D3Z120_MOUSE
A0A075ETL7	A0A075ETL7	A0A075ETL7_9INFA
Q5EG65	Q5EG65	POLG_HCVGL
P0C2X0	P0C2X0	VGLG_VSIVM
A5K736	A5K736	A5K736_PLAVS
P31748	P31748	AKT_MLVAT
P61812	P61812	TGFB2_HUMAN
P26662	P26662	POLG_HCVJA
P62593	P62593	BLAT_ECOLX
P11258	P11258	A27_VACCW
Q12805	Q12805	FBLN3_HUMAN
D3VV84	D3VV84	D3VV84_HEV
P06733	P06733	ENOA_HUMAN
P08581	P08581	MET_HUMAN
Q6DSX7	Q6DSX7	Q6DSX7_HELPX
P02283	P02283	H2B_DROME
O36634	O36634	FUS_HRSVB
Q9NPY3	Q9NPY3	C1QR1_HUMAN
Q8N5X7	Q8N5X7	IF4E3_HUMAN
P15494	P15494	BEV1A_BETPN
P05532	P05532	KIT_MOUSE
P01479	P01479	SCX1_ANDAU
O18873	O18873	ALL1_CANLF
P01038	P01038	CYT_CHICK
Q4LCS3	Q4LCS3	Q4LCS3_9INFB
Q04756	Q04756	HGFA_HUMAN
Q9BJF5	Q9BJF5	Q9BJF5_TOXGO
Q6DT10	Q6DT10	Q6DT10_HELPX
O77094	O77094	O77094_GLORO
P62993	P62993	GRB2_HUMAN
P32241	P32241	VIPR1_HUMAN
Q7ZAK5	Q7ZAK5	TACY_STRR6
P08195	P08195	4F2_HUMAN
Q27743	Q27743	LDH_PLAFD
O09100	O09100	GATA2_MOUSE
O09126	O09126	SEM4D_MOUSE
Q63540	Q63540	ATX1_RAT
A1X283	A1X283	SPD2B_HUMAN
Q62351	Q62351	TFR1_MOUSE
Q981D4	Q981D4	Q981D4_SACS2
Q8N5K1	Q8N5K1	CISD2_HUMAN
P12931	P12931	SRC_HUMAN
Q5VAN0	Q5VAN0	CD38_MACFA
Q9UQP3	Q9UQP3	TENN_HUMAN
P01275	P01275	GLUC_HUMAN
P05014	P05014	IFNA4_HUMAN
Q9ULV1	Q9ULV1	FZD4_HUMAN
O35312	O35312	GDF8_RAT
P01857	P01857	IGHG1_HUMAN
A0A384KGX8	A0A384KGX8	A0A384KGX8_PLAKH
P10601	P10601	PAHO_MOUSE
P13500	P13500	CCL2_HUMAN
A0A2K5UMM7	A0A2K5UMM7	A0A2K5UMM7_MACFA
P06935	P06935	POLG_WNV
P04351	P04351	IL2_MOUSE
Q9VP20	Q9VP20	Q9VP20_DROME
P03423	P03423	GLYC_HRSVA
P01901	P01901	HA1B_MOUSE
O96368	O96368	O96368_SCHMA
Q92673	Q92673	SORL_HUMAN
Q99P68	Q99P68	SOST_MOUSE
Q6YMS4	Q6YMS4	POLG_DEN3S
Q960T1	Q960T1	Q960T1_DROME
Q9NPH3	Q9NPH3	IL1AP_HUMAN
P01258	P01258	CALC_HUMAN
Q9QUR8	Q9QUR8	SEM7A_MOUSE
Q54N92	Q54N92	Q54N92_DICDI
Q02748	Q02748	IF4A_DROME
Q8BFU8	Q8BFU8	VGLU3_MOUSE
P69333	P69333	US28_HCMVT
P03372	P03372	ESR1_HUMAN
Q6UDW7	Q6UDW7	Q6UDW7_PLAFA
Q99PF4	Q99PF4	CAD23_MOUSE
Q9XYS8	Q9XYS8	LMPA_DICDI
Q2N0S6	Q2N0S6	Q2N0S6_9HIV1
Q9CQY8	Q9CQY8	T4S20_MOUSE
P15199	P15199	GLYCO_RABVA
O75144	O75144	ICOSL_HUMAN
Q00467	Q00467	CAPSD_CMVSI
Q13467	Q13467	FZD5_HUMAN
P16473	P16473	TSHR_HUMAN
Q01501	Q01501	VDAC_DICDI
P0A6M2	P0A6M2	DSBB_ECOLI
B7LFS8	B7LFS8	B7LFS8_ECO55
Q9UM07	Q9UM07	PADI4_HUMAN
Q26966	Q26966	Q26966_TRYCR
P08922	P08922	ROS1_HUMAN
P56524	P56524	HDAC4_HUMAN
P20917	P20917	MAG_MOUSE
Q55GK8	Q55GK8	KIL1_DICDI
P17029	P17029	ZKSC1_HUMAN
P0C191	P0C191	GPVI_MOUSE
Q51918	Q51918	Q51918_FINMA
Q9BY11	Q9BY11	PACN1_HUMAN
B8K1Y1	B8K1Y1	B8K1Y1_RAT
P61823	P61823	RNAS1_BOVIN
P54648	P54648	VATC_DICDI
P51677	P51677	CCR3_HUMAN
P41374	P41374	IF2A_DROME
Q9UNE0	Q9UNE0	EDAR_HUMAN
P30875	P30875	SSR2_MOUSE
Q54PT2	Q54PT2	VPS4_DICDI
P11049	P11049	CD37_HUMAN
Q9UKY1	Q9UKY1	ZHX1_HUMAN
P17693	P17693	HLAG_HUMAN
Q8IJ55	Q8IJ55	Q8IJ55_PLAF7
Q1PHM9	Q1PHM9	Q1PHM9_9HIV1
Q7TGC7	Q7TGC7	Q7TGC7_9FLAV
Q8R4Y0	Q8R4Y0	FCRL1_MOUSE
Q9Y275	Q9Y275	TN13B_HUMAN
Q80UW0	Q80UW0	H6ST2_MOUSE
P10103	P10103	HMGB1_BOVIN
Q96836	Q96836	Q96836_HBV
P00175	P00175	CYB2_YEAST
Q9BYW2	Q9BYW2	SETD2_HUMAN
K9ZTJ6	K9ZTJ6	K9ZTJ6_XENLA
P31997	P31997	CEAM8_HUMAN
P11214	P11214	TPA_MOUSE
Q9D0L6	Q9D0L6	BAMBI_MOUSE
P03437	P03437	HEMA_I68A0
Q7A171	Q7A171	RNJ1_STAAW
P02340	P02340	P53_MOUSE
Q9JK11	Q9JK11	RTN4_RAT
Q01940	Q01940	MALF1_MALFU
Q5EP31	Q5EP31	Q5EP31_9INFA
Q03746	Q03746	CR1FA_BACTA
Q9QUR7	Q9QUR7	PIN1_MOUSE
P34090	P34090	CMF_DICDI
P01346	P01346	IGF2_RAT
O14744	O14744	ANM5_HUMAN
Q1ERT1	Q1ERT1	Q1ERT1_MACFA
P67813	P67813	IL8_MACMU
Q5U2R7	Q5U2R7	MESD_RAT
P03987	P03987	IGHG3_MOUSE
Q9U982	Q9U982	Q9U982_DROME
O77257	O77257	SCTA_DICDI
P15431	P15431	GBRB1_RAT
P17927	P17927	CR1_HUMAN
Q8JUA9	Q8JUA9	Q8JUA9_9RHAB
O60304	O60304	ZN500_HUMAN
P25103	P25103	NK1R_HUMAN
P04234	P04234	CD3D_HUMAN
P20334	P20334	TNR9_MOUSE
Q80VW5	Q80VW5	WHRN_MOUSE
P31996	P31996	CD68_MOUSE
Q96KQ7	Q96KQ7	EHMT2_HUMAN
A0A0U2MS80	A0A0U2MS80	A0A0U2MS80_MERS
Q9DL16	Q9DL16	Q9DL16_9INFA
Q03142	Q03142	FGFR4_MOUSE
P14719	P14719	ILRL1_MOUSE
Q8CJ91	Q8CJ91	C209B_MOUSE
O14656	O14656	TOR1A_HUMAN
U6BPF8	U6BPF8	U6BPF8_9INFB
P84902	P84902	CASSI_CORCC
Q9UFD9	Q9UFD9	RIM3A_HUMAN
P01484	P01484	SCX2_ANDAU
Q96CN7	Q96CN7	ISOC1_HUMAN
Q96P16	Q96P16	RPR1A_HUMAN
P92030	P92030	P92030_DROME
P16157	P16157	ANK1_HUMAN
P38948	P38948	MPAG1_ALNGL
Q8VCD6	Q8VCD6	REEP2_MOUSE
C6XG05	C6XG05	C6XG05_LIBAP
P22777	P22777	PAI1_MOUSE
Q7MPZ0	Q7MPZ0	Q7MPZ0_VIBVY
Q54U89	Q54U89	GRLL_DICDI
Q14781	Q14781	CBX2_HUMAN
Q64314	Q64314	CD34_MOUSE
G7Q0S7	G7Q0S7	G7Q0S7_MACFA
P17643	P17643	TYRP1_HUMAN
P25774	P25774	CATS_HUMAN
P01571	P01571	IFN17_HUMAN
O70436	O70436	SMAD2_RAT
P19761	P19761	TFPI1_RABIT
P04580	P04580	ENV_HV1Z6
P15388	P15388	KCNC1_MOUSE
O00141	O00141	SGK1_HUMAN
O44203	O44203	O44203_DROME
A0A2K5UD87	A0A2K5UD87	A0A2K5UD87_MACFA
P0A334	P0A334	KCSA_STRLI
Q9JJY9	Q9JJY9	IL22_MOUSE
P10586	P10586	PTPRF_HUMAN
Q9VDP8	Q9VDP8	Q9VDP8_DROME
Q96NY8	Q96NY8	NECT4_HUMAN
Q8K1S3	Q8K1S3	UNC5B_MOUSE
Q9Y5U5	Q9Y5U5	TNR18_HUMAN
P09871	P09871	C1S_HUMAN
P27487	P27487	DPP4_HUMAN
B1INP5	B1INP5	BXB_CLOBK
Q9H9B1	Q9H9B1	EHMT1_HUMAN
P45973	P45973	CBX5_HUMAN
O15054	O15054	KDM6B_HUMAN
O75530	O75530	EED_HUMAN
Q99466	Q99466	NOTC4_HUMAN
Q672J9	Q672J9	NOX3_MOUSE
P63084	P63084	S10A5_MOUSE
P08247	P08247	SYPH_HUMAN
P55259	P55259	GP2_HUMAN
Q9UNY5	Q9UNY5	ZN232_HUMAN
Q9Q4T1	Q9Q4T1	Q9Q4T1_9FLAV
P16837	P16837	UL128_HCMVA
P19874	P19874	IL8_RABIT
Q9VC93	Q9VC93	Q9VC93_DROME
P17047	P17047	LAMP2_MOUSE
P12387	P12387	CO3_CAVPO
Q0PKZ5	Q0PKZ5	Q0PKZ5_CVPPU
P0A879	P0A879	TRPB_ECOLI
A2T080	A2T080	A2T080_RVFV
P00702	P00702	LYSC_PHACO
Q8K4F0	Q8K4F0	CD226_MOUSE
Q6LZY8	Q6LZY8	RCE1_METMP
P21837	P21837	CRYS_DICDI
Q9NQV6	Q9NQV6	PRD10_HUMAN
Q9AZ56	Q9AZ56	Q9AZ56_9CAUD
O61380	O61380	O61380_DROME
Q93009	Q93009	UBP7_HUMAN
Q95W13	Q95W13	Q95W13_9TRYP
P18356	P18356	POLG_DEN2U
A0A2K5WC94	A0A2K5WC94	A0A2K5WC94_MACFA
P03366	P03366	POL_HV1B1
Q6B0I6	Q6B0I6	KDM4D_HUMAN
P18506	P18506	GBRD_RAT
P02818	P02818	OSTCN_HUMAN
Q80YC5	Q80YC5	FA12_MOUSE
P35918	P35918	VGFR2_MOUSE
Q5VWK5	Q5VWK5	IL23R_HUMAN
O54082	O54082	LUKD_STAAU
P11836	P11836	CD20_HUMAN
P28698	P28698	MZF1_HUMAN
P23758	P23758	POXN_DROME
P03951	P03951	FA11_HUMAN
P42701	P42701	I12R1_HUMAN
P29016	P29016	CD1B_HUMAN
P26663	P26663	POLG_HCVBK
O43927	O43927	CXL13_HUMAN
P07901	P07901	HS90A_MOUSE
Q9UQR0	Q9UQR0	SCML2_HUMAN
A0A2K5TMP8	A0A2K5TMP8	A0A2K5TMP8_MACFA
Q5EAX5	Q5EAX5	Q5EAX5_XENLA
P09603	P09603	CSF1_HUMAN
A0A0A7CJV4	A0A0A7CJV4	A0A0A7CJV4_9CALI
Q9Y2K2	Q9Y2K2	SIK3_HUMAN
P59595	P59595	NCAP_CVHSA
Q9Y484	Q9Y484	WIPI4_HUMAN
P22602	P22602	POLG_PVYO
P04936	P04936	POLG_HRV2
P0C7B7	P0C7B7	ELIC_DICCH
P16471	P16471	PRLR_HUMAN
P04506	P04506	SIGM1_REOVL
P21224	P21224	LUKL1_STAAC
O55042	O55042	SYUA_MOUSE
B0I1T7	B0I1T7	B0I1T7_MACFA
Q8TF66	Q8TF66	LRC15_HUMAN
Q91WE1	Q91WE1	SNX15_MOUSE
Q920N7	Q920N7	SYT12_MOUSE
Q5T848	Q5T848	GP158_HUMAN
Q8IFM5	Q8IFM5	RH5_PLAF7
Q8BND5	Q8BND5	QSOX1_MOUSE
P20759	P20759	IGHG1_RAT
P38059	P38059	SLAP_LACHE
O15393	O15393	TMPS2_HUMAN
P00690	P00690	AMYP_PIG
P18846	P18846	ATF1_HUMAN
P06239	P06239	LCK_HUMAN
P03374	P03374	ENV_MMTVG
P32507	P32507	NECT2_MOUSE
P11308	P11308	ERG_HUMAN
Q6GA57	Q6GA57	FIB_STAAS
P28906	P28906	CD34_HUMAN
P16066	P16066	ANPRA_HUMAN
P09429	P09429	HMGB1_HUMAN
Q5JTV8	Q5JTV8	TOIP1_HUMAN
P04141	P04141	CSF2_HUMAN
Q76UM2	Q76UM2	Q76UM2_I47A0
W6A0A7	W6A0A7	W6A0A7_MERS
Q6WG00	Q6WG00	Q6WG00_9INFA
P13987	P13987	CD59_HUMAN
P03967	P03967	RASD_DICDI
Q12873	Q12873	CHD3_HUMAN
Q12884	Q12884	SEPR_HUMAN
Q9I6J0	Q9I6J0	SPUE_PSEAE
P61073	P61073	CXCR4_HUMAN
P22272	P22272	IL6RA_MOUSE
Q7KNF1	Q7KNF1	Q7KNF1_DROME
P03311	P03311	POLG_FMDVS
Q647G9	Q647G9	CONG_ARAHY
Q16620	Q16620	NTRK2_HUMAN
Q7TMJ8	Q7TMJ8	P3IP1_MOUSE
Q9BUX1	Q9BUX1	CHAC1_HUMAN
Q45849	Q45849	Q45849_CLOBO
A0A0G2K1L0	A0A0G2K1L0	A0A0G2K1L0_RAT
Q9Z0F8	Q9Z0F8	ADA17_MOUSE
A7UPX0	A7UPX0	A7UPX0_9INFA
P99134	P99134	SPA_STAAN
A7Y8I1	A7Y8I1	A7Y8I1_9INFA
Q9NWS9	Q9NWS9	ZN446_HUMAN
Q15697	Q15697	ZN174_HUMAN
P06127	P06127	CD5_HUMAN
O94953	O94953	KDM4B_HUMAN
Q05BQ5	Q05BQ5	MBTD1_HUMAN
P10889	P10889	CXCL2_MOUSE
P35969	P35969	VGFR1_MOUSE
P04629	P04629	NTRK1_HUMAN
P0DTC4	P0DTC4	VEMP_SARS2
P35729	P35729	NU120_YEAST
Q6IYF9	Q6IYF9	SUCR1_RAT
P13591	P13591	NCAM1_HUMAN
O00220	O00220	TR10A_HUMAN
P06332	P06332	CD4_MOUSE
P11215	P11215	ITAM_HUMAN
Q9AZ57	Q9AZ57	Q9AZ57_9CAUD
Q9WDA6	Q9WDA6	POLG_DEN2Q
P62502	P62502	LCN6_HUMAN
Q9VCA8	Q9VCA8	ANKHM_DROME
P20963	P20963	CD3Z_HUMAN
P18013	P18013	IPAD_SHIFL
Q7KNF2	Q7KNF2	PABP2_DROME
Q9Y264	Q9Y264	ANGP4_HUMAN
P31350	P31350	RIR2_HUMAN
Q9H1K0	Q9H1K0	RBNS5_HUMAN
Q7LX67	Q7LX67	Q7LX67_SACS2
P40460	P40460	NDC80_YEAST
O14709	O14709	ZN197_HUMAN
P00740	P00740	FA9_HUMAN
Q8TD46	Q8TD46	MO2R1_HUMAN
K9N5Q8	K9N5Q8	SPIKE_MERS1
P28908	P28908	TNR8_HUMAN
Q8N5A5	Q8N5A5	ZGPAT_HUMAN
Q9JHJ3	Q9JHJ3	GLMP_MOUSE
O95436	O95436	NPT2B_HUMAN
M4Q7H6	M4Q7H6	M4Q7H6_PSEAI
E2RA80	E2RA80	E2RA80_CANLF
Q8TE67	Q8TE67	ES8L3_HUMAN
P25942	P25942	TNR5_HUMAN
P11224	P11224	SPIKE_CVMA5
Q54JQ7	Q54JQ7	Q54JQ7_DICDI
P04114	P04114	APOB_HUMAN
A0A0M3KKW9	A0A0M3KKW9	A0A0M3KKW9_9HIV1
P07612	P07612	L1_VACCW
P08668	P08668	GP_HANTV
Q8IWL1	Q8IWL1	SFPA2_HUMAN
Q61982	Q61982	NOTC3_MOUSE
Q9Z0U4	Q9Z0U4	GABR1_RAT
G7P6Q7	G7P6Q7	G7P6Q7_MACFA
A0A2K5TZC4	A0A2K5TZC4	A0A2K5TZC4_MACFA
P00698	P00698	LYSC_CHICK
Q96RI0	Q96RI0	PAR4_HUMAN
P0DPI1	P0DPI1	BXA1_CLOBH
Q1J2S8	Q1J2S8	Q1J2S8_DEIGD
Q5R7C0	Q5R7C0	SMAD2_PONAB
Q54WZ2	Q54WZ2	VACB_DICDI
Q8R007	Q8R007	NECT4_MOUSE
P01583	P01583	IL1A_HUMAN
Q7TSA3	Q7TSA3	BTLA_MOUSE
P12497	P12497	POL_HV1N5
Q969G3	Q969G3	SMCE1_HUMAN
Q9D415	Q9D415	DLGP1_MOUSE
P02554	P02554	TBB_PIG
Q62432	Q62432	SMAD2_MOUSE
P05878	P05878	ENV_HV1SC
P29317	P29317	EPHA2_HUMAN
Q80U63	Q80U63	MFN2_MOUSE
P03316	P03316	POLS_SINDV
Q925P2	Q925P2	CEAM2_MOUSE
O43639	O43639	NCK2_HUMAN
P10641	P10641	OPP12_HAEIF
P60709	P60709	ACTB_HUMAN
Q07325	Q07325	CXCL9_HUMAN
Q8T7K0	Q8T7K0	ALIX_DICDI
Q1AR05	Q1AR05	Q1AR05_9INFA
P22223	P22223	CADH3_HUMAN
P60061	P60061	ADIC_ECOLI
Q61526	Q61526	ERBB3_MOUSE
A0A1I8EVI5	A0A1I8EVI5	A0A1I8EVI5_WUCBA
Q6J8F6	Q6J8F6	HEMA_I03A0
P20961	P20961	PAI1_RAT
Q9Y3Q4	Q9Y3Q4	HCN4_HUMAN
E6MXW0	E6MXW0	OMPA_NEIMH
P01567	P01567	IFNA7_HUMAN
P31785	P31785	IL2RG_HUMAN
P12824	P12824	GH_HCMVA
P29965	P29965	CD40L_HUMAN
P10824	P10824	GNAI1_RAT
P55899	P55899	FCGRN_HUMAN
A0A337SBN0	A0A337SBN0	A0A337SBN0_FELCA
Q80W65	Q80W65	PCSK9_MOUSE
Q91MA7	Q91MA7	HEMA_I68A4
Q03145	Q03145	EPHA2_MOUSE
P06756	P06756	ITAV_HUMAN
Q6NYC1	Q6NYC1	JMJD6_HUMAN
P02893	P02893	CSP_PLAFA
Q5HGV5	Q5HGV5	ISDB_STAAC
P14340	P14340	POLG_DEN2N
Q05516	Q05516	ZBT16_HUMAN
P0CG48	P0CG48	UBC_HUMAN
Q6YFU0	Q6YFU0	Q6YFU0_9FLAV
P01568	P01568	IFN21_HUMAN
Q9JKA7	Q9JKA7	HCN4_RAT
P04235	P04235	CD3D_MOUSE
B0FYC5	B0FYC5	B0FYC5_9HEPC
Q7Z6A9	Q7Z6A9	BTLA_HUMAN
A2APX8	A2APX8	SCN1A_MOUSE
A0A0S4MEX1	A0A0S4MEX1	A0A0S4MEX1_STACP
G5EBR3	G5EBR3	GLUCL_CAEEL
P02753	P02753	RET4_HUMAN
P97610	P97610	SYT12_RAT
O43464	O43464	HTRA2_HUMAN
P25158	P25158	OSKA_DROME
P14223	P14223	ALF_PLAFA
Q00653	Q00653	NFKB2_HUMAN
Q26789	Q26789	PFR2_TRYBB
P16220	P16220	CREB1_HUMAN
P36888	P36888	FLT3_HUMAN
G8F337	G8F337	G8F337_MACFA
Q7Z6Z7	Q7Z6Z7	HUWE1_HUMAN
Q9QYP1	Q9QYP1	LRP4_RAT
P54647	P54647	VATA_DICDI
P78552	P78552	I13R1_HUMAN
Q9VLW8	Q9VLW8	Q9VLW8_DROME
P13726	P13726	TF_HUMAN
P26951	P26951	IL3RA_HUMAN
Q96A54	Q96A54	PAQR1_HUMAN
P03518	P03518	GP_RVFV
P43652	P43652	AFAM_HUMAN
P13201	P13201	GB_HCMVT
Q14116	Q14116	IL18_HUMAN
A0A2K5UN38	A0A2K5UN38	A0A2K5UN38_MACFA
Q13433	Q13433	S39A6_HUMAN
Q9UBU3	Q9UBU3	GHRL_HUMAN
Q14332	Q14332	FZD2_HUMAN
P00704	P00704	LYSC_NUMME
P0DML2	P0DML2	CSH1_HUMAN
Q86V81	Q86V81	THOC4_HUMAN
P02698	P02698	GBG1_BOVIN
P08427	P08427	SFTPA_RAT
Q62889	Q62889	NLGN3_RAT
Q9VE55	Q9VE55	Q9VE55_DROME
P43628	P43628	KI2L3_HUMAN
Q01995	Q01995	TAGL_HUMAN
Q8R183	Q8R183	TIMD2_MOUSE
P27037	P27037	AVR2A_HUMAN
Q9V3L6	Q9V3L6	NCBP2_DROME
P04156	P04156	PRIO_HUMAN
O89343	O89343	GLYCP_HENDH
P97479	P97479	MYO7A_MOUSE
O45246	O45246	O45246_CAEEL
P29460	P29460	IL12B_HUMAN
P23510	P23510	TNFL4_HUMAN
P06213	P06213	INSR_HUMAN
G0UWE7	G0UWE7	G0UWE7_TRYCI
P09386	P09386	STXB_BP933
Q9HBE4	Q9HBE4	IL21_HUMAN
G7P557	G7P557	G7P557_MACFA
P21741	P21741	MK_HUMAN
Q9HCU0	Q9HCU0	CD248_HUMAN
P49023	P49023	PAXI_HUMAN
R4L1D1	R4L1D1	R4L1D1_9INFA
P05164	P05164	PERM_HUMAN
O95243	O95243	MBD4_HUMAN
P35222	P35222	CTNB1_HUMAN
Q6XZF7	Q6XZF7	DNMBP_HUMAN
P07333	P07333	CSF1R_HUMAN
P59996	P59996	PCSK9_RAT
Q7JNQ9	Q7JNQ9	Q7JNQ9_FASHE
P27144	P27144	KAD4_HUMAN
P14784	P14784	IL2RB_HUMAN
P30438	P30438	FEL1A_FELCA
Q9BXB1	Q9BXB1	LGR4_HUMAN
P35330	P35330	ICAM2_MOUSE
Q9D780	Q9D780	SLAF9_MOUSE
O30527	O30527	O30527_PSEAI
P03432	P03432	RDRP_I68A6
W7FI62	W7FI62	W7FI62_PLAF8
Q8TBJ4	Q8TBJ4	PLPR1_HUMAN
Q71AW2	Q71AW2	RBP_BPLP2
Q9VCH1	Q9VCH1	Q9VCH1_DROME
P46108	P46108	CRK_HUMAN
P15509	P15509	CSF2R_HUMAN
P08067	P08067	UCRI_YEAST
Q9VN21	Q9VN21	Q9VN21_DROME
Q99M75	Q99M75	RTN4R_RAT
Q9P2D1	Q9P2D1	CHD7_HUMAN
Q8TF39	Q8TF39	ZN483_HUMAN
P04896	P04896	GNAS2_BOVIN
O61708	O61708	O61708_CAEEL
Q8NA19	Q8NA19	LMBL4_HUMAN
Q14246	Q14246	AGRE1_HUMAN
P08174	P08174	DAF_HUMAN
P01031	P01031	CO5_HUMAN
P21802	P21802	FGFR2_HUMAN
P18474	P18474	POL2_GFLV
Q99549	Q99549	MPP8_HUMAN
Q14194	Q14194	DPYL1_HUMAN
Q9NZQ7	Q9NZQ7	PD1L1_HUMAN
B2RLE8	B2RLE8	B2RLE8_PORG3
Q02161	Q02161	RHD_HUMAN
H0UY41	H0UY41	H0UY41_CAVPO
P01867	P01867	IGG2B_MOUSE
H9E9C7	H9E9C7	H9E9C7_HEV
Q15858	Q15858	SCN9A_HUMAN
P30530	P30530	UFO_HUMAN
O15706	O15706	VACA_DICDI
Q9H2K2	Q9H2K2	TNKS2_HUMAN
Q9Y4U1	Q9Y4U1	MMAC_HUMAN
P09382	P09382	LEG1_HUMAN
Q9YDF8	Q9YDF8	KVAP_AERPE
Q5VV41	Q5VV41	ARHGG_HUMAN
Q9QXX0	Q9QXX0	JAG1_MOUSE
Q6GWS0	Q6GWS0	Q6GWS0_9VIRU
P33426	P33426	CAPSD_HEVPA
O54901	O54901	OX2G_MOUSE
Q55FP0	Q55FP0	PHG1A_DICDI
P09619	P09619	PGFRB_HUMAN
Q55CW7	Q55CW7	TSPB_DICDI
Q9UNA0	Q9UNA0	ATS5_HUMAN
P04585	P04585	POL_HV1H2
P54727	P54727	RD23B_HUMAN
O95760	O95760	IL33_HUMAN
P03952	P03952	KLKB1_HUMAN
P15090	P15090	FABP4_HUMAN
Q969H8	Q969H8	MYDGF_HUMAN
P21187	P21187	PABP_DROME
Q04609	Q04609	FOLH1_HUMAN
P47212	P47212	GALA_MOUSE
P01903	P01903	DRA_HUMAN
E1AFM4	E1AFM4	E1AFM4_9INFA
Q9Y572	Q9Y572	RIPK3_HUMAN
Q9GZX6	Q9GZX6	IL22_HUMAN
P13498	P13498	CY24A_HUMAN
Q9G096	Q9G096	Q9G096_9CAUD
Q969R5	Q969R5	LMBL2_HUMAN
P47819	P47819	GFAP_RAT
P60066	P60066	ADIC_SALTY
P70232	P70232	NCHL1_MOUSE
P14735	P14735	IDE_HUMAN
P0DI97	P0DI97	NRX1B_MOUSE
O54982	O54982	KCNU1_MOUSE
P29326	P29326	CAPSD_HEVBU
O15327	O15327	INP4B_HUMAN
F6XHE4	F6XHE4	F6XHE4_CIOIN
Q9ULZ3	Q9ULZ3	ASC_HUMAN
Q6AY44	Q6AY44	Q6AY44_RAT
O00459	O00459	P85B_HUMAN
P23907	P23907	PRIO_SHEEP
H9ZFT8	H9ZFT8	H9ZFT8_MACMU
P03367	P03367	POL_HV1BR
P35579	P35579	MYH9_HUMAN
P26661	P26661	POLG_HCVJ8
O95696	O95696	BRD1_HUMAN
Q63345	Q63345	MOG_RAT
Q92838	Q92838	EDA_HUMAN
O08773	O08773	RGS14_RAT
Q16853	Q16853	AOC3_HUMAN
P80188	P80188	NGAL_HUMAN
C6EP62	C6EP62	C6EP62_CORCC
P62314	P62314	SMD1_HUMAN
O72142	O72142	NCAP_EBOZ5
E0WXJ2	E0WXJ2	E0WXJ2_9FLAV
P20023	P20023	CR2_HUMAN
O02374	O02374	O02374_DROME
P08185	P08185	CBG_HUMAN
Q8BZ60	Q8BZ60	STON2_MOUSE
Q13308	Q13308	PTK7_HUMAN
P0A075	P0A075	HLGB_STAAN
Q6RI75	Q6RI75	Q6RI75_MACFA
F7FHP0	F7FHP0	F7FHP0_RAT
G7NZ62	G7NZ62	G7NZ62_MACFA
P42658	P42658	DPP6_HUMAN
Q03252	Q03252	LMNB2_HUMAN
Q8TEJ3	Q8TEJ3	SH3R3_HUMAN
O95831	O95831	AIFM1_HUMAN
Q7JX95	Q7JX95	Q7JX95_DROME
P03409	P03409	TAX_HTL1A
P53280	P53280	CF130_YEAST
E6MV22	E6MV22	E6MV22_NEIMH
P62807	P62807	H2B1C_HUMAN
Q98XH7	Q98XH7	Q98XH7_9HIV1
Q14627	Q14627	I13R2_HUMAN
Q9UL52	Q9UL52	TM11E_HUMAN
P27909	P27909	POLG_DEN1B
Q8NBB4	Q8NBB4	ZSCA1_HUMAN
O95425	O95425	SVIL_HUMAN
P00722	P00722	BGAL_ECOLI
A0A2D0Z4C5	A0A2D0Z4C5	A0A2D0Z4C5_9INFA
A0A1C4HDV6	A0A1C4HDV6	A0A1C4HDV6_9MONO
D8VEC1	D8VEC1	D8VEC1_9RHAB
P01920	P01920	DQB1_HUMAN
C9EL84	C9EL84	C9EL84_9INFA
Q0PW92	Q0PW92	Q0PW92_MACFA
P30947	P30947	HS90B_RABIT
P97836	P97836	DLGP1_RAT
Q9Y232	Q9Y232	CDYL_HUMAN
B8XCN0	B8XCN0	B8XCN0_9MONO
Q8SYL3	Q8SYL3	Q8SYL3_DROME
A0A1L8D5Z4	A0A1L8D5Z4	A0A1L8D5Z4_BOTAT
P60033	P60033	CD81_HUMAN
P01733	P01733	TVBL3_HUMAN
Q6R6I7	Q6R6I7	RXFP1_MOUSE
P78380	P78380	OLR1_HUMAN
Q6UVK1	Q6UVK1	CSPG4_HUMAN
Q9JHX3	Q9JHX3	IL21R_MOUSE
P26535	P26535	VL1_HPV58
Q03643	Q03643	MSA2_PLAFK
P02863	P02863	GDA0_WHEAT
P19724	P19724	POLG_PRSVW
Q6WB05	Q6WB05	Q6WB05_TRYCR
P80672	P80672	PORA_CAMJE
P04052	P04052	RPB1_DROME
P12493	P12493	GAG_HV1N5
Q9W378	Q9W378	Q9W378_DROME
P05674	P05674	POLS_EEVV8
P05015	P05015	IFN16_HUMAN
P04774	P04774	SCN1A_RAT
H9XEG6	H9XEG6	H9XEG6_9INFA
Q6P2L6	Q6P2L6	NSD3_MOUSE
F8V479	F8V479	F8V479_MACFA
P51150	P51150	RAB7A_MOUSE
A8T666	A8T666	PCSK9_MACMU
Q01299	Q01299	POLG_TBEVH
P55287	P55287	CAD11_HUMAN
P41145	P41145	OPRK_HUMAN
G7PL03	G7PL03	G7PL03_MACFA
K8DVK7	K8DVK7	K8DVK7_LACHE
F6TUL9	F6TUL9	F6TUL9_MOUSE
O67776	O67776	Y1964_AQUAE
P04040	P04040	CATA_HUMAN
Q8I4W8	Q8I4W8	Q8I4W8_PLAF7
P05068	P05068	CR1AC_BACTK
P62871	P62871	GBB1_BOVIN
O88454	O88454	KCNK4_MOUSE
Q9VHB0	Q9VHB0	SON_DROME
A0A0K2JNB8	A0A0K2JNB8	A0A0K2JNB8_BOTAT
P40225	P40225	TPO_HUMAN
O75197	O75197	LRP5_HUMAN
Q9WYC4	Q9WYC4	Y288_THEMA
P01138	P01138	NGF_HUMAN
Q04619	Q04619	HS90B_CHICK
P10073	P10073	ZSC22_HUMAN
Q63373	Q63373	NRX1B_RAT
P69687	P69687	CAPSD_TMV
Q14005	Q14005	IL16_HUMAN
Q27298	Q27298	Q27298_TOXGO
Q685J3	Q685J3	MUC17_HUMAN
Q9Y483	Q9Y483	MTF2_HUMAN
Q8IU57	Q8IU57	INLR1_HUMAN
P42082	P42082	CD86_MOUSE
P11221	P11221	OPRI_PSEAE
O14646	O14646	CHD1_HUMAN
Q16552	Q16552	IL17_HUMAN
Q460N5	Q460N5	PAR14_HUMAN
Q9JIP3	Q9JIP3	I17RB_MOUSE
P10997	P10997	IAPP_HUMAN
Q9HDC6,Q9NR80	Q9NR80	ARHG4_HUMAN
Q9BZ95	Q9BZ95	NSD3_HUMAN
P62937	P62937	PPIA_HUMAN
P20936	P20936	RASA1_HUMAN
P17040	P17040	ZSC20_HUMAN
P08183	P08183	MDR1_HUMAN
A4IJK8	A4IJK8	A4IJK8_GEOTN
Q9UNQ0	Q9UNQ0	ABCG2_HUMAN
Q1HVF6	Q1HVF6	GL_EBVA8
Q9Z1Q3	Q9Z1Q3	LY66D_MOUSE
Q13155	Q13155	AIMP2_HUMAN
P04933	P04933	MSP1_PLAFW
Q14847	Q14847	LASP1_HUMAN
Q15059	Q15059	BRD3_HUMAN
A0A286YES5	A0A286YES5	A0A286YES5_HUMAN
Q6ZMC9	Q6ZMC9	SIG15_HUMAN
P14190	P14190	FAEG2_ECOLX
O14786	O14786	NRP1_HUMAN
Q9UQB8	Q9UQB8	BAIP2_HUMAN
P25791	P25791	RBTN2_HUMAN
P02879	P02879	RICI_RICCO
Q6SZ61	Q6SZ61	CD2_MACFA
Q9I9P9	Q9I9P9	SMAD2_DANRE
P03140	P03140	HBSAG_HBVC5
Q16658	Q16658	FSCN1_HUMAN
P0DKX7	P0DKX7	CYAA_BORPE
Q04047	Q04047	NONA_DROME
P26006	P26006	ITA3_HUMAN
Q13330	Q13330	MTA1_HUMAN
P47871	P47871	GLR_HUMAN
P23728	P23728	FUS_BRSVR
P05112	P05112	IL4_HUMAN
P43213	P43213	MPAP1_PHLPR
O00762	O00762	UBE2C_HUMAN
A0A077D297	A0A077D297	A0A077D297_BRUML
Q9U6M1	Q9U6M1	JBP1_LEITA
P18573	P18573	GDA9_WHEAT
Q8VI56	Q8VI56	LRP4_MOUSE
X5HMX4	X5HMX4	X5HMX4_9MONO
P10747	P10747	CD28_HUMAN
P12568	P12568	FUS_HRSVL
P32927	P32927	IL3RB_HUMAN
O93077	O93077	O93077_9HEPC
Q72990	Q72990	Q72990_9HIV1
Q12864	Q12864	CAD17_HUMAN
Q9Q0U6	Q9Q0U6	HEMA_I96A0
P12850	P12850	GROA_MOUSE
O75475	O75475	PSIP1_HUMAN
P03377	P03377	ENV_HV1BR
P00748	P00748	FA12_HUMAN
P49772	P49772	FLT3L_MOUSE
Q9ERE7	Q9ERE7	MESD_MOUSE
P08575	P08575	PTPRC_HUMAN
Q9NQ75	Q9NQ75	CASS4_HUMAN
P20039,P13760,P13761,P04229	P01911	DRB_HUMAN
O14965	O14965	AURKA_HUMAN
Q9UBU2	Q9UBU2	DKK2_HUMAN
A8UCQ5	A8UCQ5	A8UCQ5_9LACT
A2N3K0	A2N3K0	A2N3K0_MOUSE
P21803	P21803	FGFR2_MOUSE
Q8NBP7	Q8NBP7	PCSK9_HUMAN
Q14956	Q14956	GPNMB_HUMAN
Q99JH8	Q99JH8	ERD21_MOUSE
P0DH58	P0DH58	OMPA_NEIMB
P01861	P01861	IGHG4_HUMAN
Q7TSN7	Q7TSN7	IGSF5_MOUSE
P39748	P39748	FEN1_HUMAN
P00705	P00705	LYSC1_ANAPL
Q03135	Q03135	CAV1_HUMAN
O35235	O35235	TNF11_MOUSE
Q03039	Q03039	VP35_MABVP
P02886	P02886	DIS1A_DICDI
Q920F5	Q920F5	DCMC_RAT
Q9GLD5	Q9GLD5	Q9GLD5_PIG
G8F663	G8F663	G8F663_MACFA
P19022	P19022	CADH2_HUMAN
P08920	P08920	CD2_MOUSE
P10600	P10600	TGFB3_HUMAN
O60563	O60563	CCNT1_HUMAN
P05227	P05227	HRP1_PLAFA
P50282	P50282	MMP9_RAT
Q6V2E7	Q6V2E7	Q6V2E7_HRSV
Q1PDC7	Q1PDC7	VGP_MABVR
Q9BX67	Q9BX67	JAM3_HUMAN
Q5SHQ8	Q5SHQ8	SECY_THET8
P01375	P01375	TNFA_HUMAN
Q9BI20	Q9BI20	Q9BI20_DROME
P52701	P52701	MSH6_HUMAN
Q8CBR1	Q8CBR1	ILDR1_MOUSE
P09732	P09732	POLG_STEVM
P07288	P07288	KLK3_HUMAN
P14174	P14174	MIF_HUMAN
P62745	P62745	RHOB_HUMAN
O75369	O75369	FLNB_HUMAN
O60462	O60462	NRP2_HUMAN
A0A1J1GU64	A0A1J1GU64	A0A1J1GU64_PLAGA
Q9VHP0	Q9VHP0	DDX3_DROME
P19544	P19544	WT1_HUMAN
P00734	P00734	THRB_HUMAN
H4UNX9	H4UNX9	H4UNX9_ECOLX
Q9BXP5	Q9BXP5	SRRT_HUMAN
Q9UP38	Q9UP38	FZD1_HUMAN
P61626	P61626	LYSC_HUMAN
P52630	P52630	STAT2_HUMAN
Q16584	Q16584	M3K11_HUMAN
Q61411	Q61411	RASH_MOUSE
R4NFR6	R4NFR6	R4NFR6_9INFA
P12821	P12821	ACE_HUMAN
O92284	O92284	GLYCO_RABVC
P35961	P35961	ENV_HV1Y2
Q9UJX6	Q9UJX6	ANC2_HUMAN
Q03431	Q03431	PTH1R_HUMAN
Q08481	Q08481	PECA1_MOUSE
P40199	P40199	CEAM6_HUMAN
Q9ESG4	Q9ESG4	CLTRN_MOUSE
O00255	O00255	MEN1_HUMAN
Q9DLK6	Q9DLK6	Q9DLK6_9INFA
Q96GD3	Q96GD3	SCMH1_HUMAN
Q8MIZ1	Q8MIZ1	CXL10_MACMU
P17948	P17948	VGFR1_HUMAN
P05783	P05783	K1C18_HUMAN
P04488	P04488	GE_HHV11
Q99KL7	Q99KL7	RAB28_MOUSE
Q67867	Q67867	HBSAG_HBVC4
O95231	O95231	VENTX_HUMAN
P11021	P11021	BIP_HUMAN
Q86GL4	Q86GL4	NOXB_DICDI
Q9VKX1	Q9VKX1	Q9VKX1_DROME
Q9UQ07	Q9UQ07	MOK_HUMAN
Q9NR46	Q9NR46	SHLB2_HUMAN
P62897	P62897	CYC_MOUSE
Q2PFV4	Q2PFV4	Q2PFV4_MACFA
O97468	O97468	O97468_DROME
Q8BE39	Q8BE39	Q8BE39_9FLAV
Q9NRG4	Q9NRG4	SMYD2_HUMAN
P17176	P17176	GH_HCMVT
A0A3Q2UAA5	A0A3Q2UAA5	A0A3Q2UAA5_CHICK
O15123	O15123	ANGP2_HUMAN
Q7YXD4	Q7YXD4	P80_DICDI
Q5M9F4	Q5M9F4	Q5M9F4_RAT
Q05685	Q05685	FOLR2_MOUSE
P01731	P01731	CD8A_MOUSE
Q72J04	Q72J04	Q72J04_THET2
A0A059WGD4	A0A059WGD4	A0A059WGD4_9RHAB
P40933	P40933	IL15_HUMAN
Q61470	Q61470	CD37_MOUSE
Q9UIF8	Q9UIF8	BAZ2B_HUMAN
Q9PZT0	Q9PZT0	CAPSD_PAVHV
P15145	P15145	AMPN_PIG
P0DMV8	P0DMV8	HS71A_HUMAN
Q9WFX3	Q9WFX3	HEMA_I18A0
P26358	P26358	DNMT1_HUMAN
Q3U133	Q3U133	ZN746_MOUSE
P16234	P16234	PGFRA_HUMAN
P77304	P77304	DTPA_ECOLI
P03200	P03200	GP350_EBVB9
Q12830	Q12830	BPTF_HUMAN
P0DTC5	P0DTC5	VME1_SARS2
Q8I9F8	Q8I9F8	Q8I9F8_PLAFA
P0DQD3	P0DQD3	INLB_LISMG
A0A0X9QZM7	A0A0X9QZM7	A0A0X9QZM7_ZIKV
Q96LW9	Q96LW9	ZSC31_HUMAN
P02786	P02786	TFR1_HUMAN
Q8TDQ0	Q8TDQ0	HAVR2_HUMAN
Q15389	Q15389	ANGP1_HUMAN
P12979	P12979	MYOG_MOUSE
A0A0H3JN67	A0A0H3JN67	A0A0H3JN67_STAAN
P26715	P26715	NKG2A_HUMAN
Q9U3V9	Q9U3V9	XMAS2_DROME
Q91XU1	Q91XU1	QKI_RAT
P16860	P16860	ANFB_HUMAN
P50536	P50536	MSL3_DROME
Q8BHK6	Q8BHK6	SLAF7_MOUSE
P03455	P03455	HEMA_I76AI
P48061	P48061	SDF1_HUMAN
Q13867	Q13867	BLMH_HUMAN
O15034	O15034	RIMB2_HUMAN
Q9NR61	Q9NR61	DLL4_HUMAN
P02699	P02699	OPSD_BOVIN
Q2YFS2	Q2YFS2	PILRB_MOUSE
O85805	O85805	CR1BE_BACTU
P41594	P41594	GRM5_HUMAN
Q9WUL5	Q9WUL5	PD1L2_MOUSE
Q92854	Q92854	SEM4D_HUMAN
B2RH54	B2RH54	FIMA1_PORG3
F6YBP7	F6YBP7	F6YBP7_MACMU
P22455	P22455	FGFR4_HUMAN
P0CL66	P0CL66	OSPA_BORBU
Q9Y468	Q9Y468	LMBL1_HUMAN
P84051	P84051	H2A_DROME
Q9VNS0	Q9VNS0	MAEL_DROME
P15530	P15530	CD79B_MOUSE
G7P7S5	G7P7S5	G7P7S5_MACFA
P29459	P29459	IL12A_HUMAN
Q9NDU1	Q9NDU1	Q9NDU1_DROME
Q5UE59	Q5UE59	Q5UE59_MOUSE
Q09GS6	Q09GS6	Q09GS6_RAT
A0A069QID4	A0A069QID4	A0A069QID4_PSEAI
P16871	P16871	IL7RA_HUMAN
Q4D4B8	Q4D4B8	Q4D4B8_TRYCC
P15391	P15391	CD19_HUMAN
Q991W9	Q991W9	Q991W9_9RETR
A0A1U9IS01	A0A1U9IS01	A0A1U9IS01_HELPX
P16045	P16045	LEG1_MOUSE
O95271	O95271	TNKS1_HUMAN
O14746	O14746	TERT_HUMAN
P42830	P42830	CXCL5_HUMAN
P62318	P62318	SMD3_HUMAN
P05106	P05106	ITB3_HUMAN
Q9BGI5	Q9BGI5	Q9BGI5_MACMU
P17544	P17544	ATF7_HUMAN
K0BRG7	K0BRG7	K0BRG7_MERS
P31715	P31715	LUKF_STAAU
Q71T02	Q71T02	Q71T02_PLAFA
P61294	P61294	RAB6B_MOUSE
Q3C2E2	Q3C2E2	CD20_CANLF
Q9UKW4	Q9UKW4	VAV3_HUMAN
P08987	P08987	GTFB_STRMU
Q9V535	Q9V535	RBM8A_DROME
Q6YGZ1	Q6YGZ1	HPSE_MOUSE
O66465	O66465	MRAY_AQUAE
Q9CZE3	Q9CZE3	RAB32_MOUSE
P25446	P25446	TNR6_MOUSE
Q8L7A9	Q8L7A9	AP4E_ARATH
Q9Y4K0	Q9Y4K0	LOXL2_HUMAN
B0BNF5	B0BNF5	B0BNF5_RAT
V9NZ28	V9NZ28	V9NZ28_9INFA
P26313	P26313	GLYC_JUNIN
Q9Y2I7	Q9Y2I7	FYV1_HUMAN
P55085	P55085	PAR2_HUMAN
P21554	P21554	CNR1_HUMAN
Q00610	Q00610	CLH1_HUMAN
P01215	P01215	GLHA_HUMAN
Q95YG3	Q95YG3	Q95YG3_DROME
D4A4S5	D4A4S5	D4A4S5_RAT
Q54LJ3	Q54LJ3	TS101_DICDI
P0CE95	P0CE95	TALA1_DICDI
O75874	O75874	IDHC_HUMAN
Q9Y5K6	Q9Y5K6	CD2AP_HUMAN
P22466	P22466	GALA_HUMAN
P07711	P07711	CATL1_HUMAN
P50895	P50895	BCAM_HUMAN
B2LCM6	B2LCM6	B2LCM6_9INFA
Q04151	Q04151	Q04151_TOXGO
Q23972	Q23972	SMG_DROME
P51814	P51814	ZNF41_HUMAN
P43355	P43355	MAGA1_HUMAN
Q09472	Q09472	EP300_HUMAN
O76070	O76070	SYUG_HUMAN
P13006	P13006	GOX_ASPNG
A0A2K5X0F1	A0A2K5X0F1	A0A2K5X0F1_MACFA
P20497	P20497	H3_VACCC
Q12001	Q12001	ALG6_YEAST
P06821	P06821	M2_I34A1
G8F602	G8F602	G8F602_MACFA
Q68DV7	Q68DV7	RNF43_HUMAN
Q9JKN5	Q9JKN5	OLIG1_MOUSE
Q1W668	Q1W668	SMAD2_BOVIN
Q9BXJ0	Q9BXJ0	C1QT5_HUMAN
P03135	P03135	CAPSD_AAV2S
G7PXN1	G7PXN1	G7PXN1_MACFA
Q9QF35	Q9QF35	Q9QF35_9HEPC
Q13477	Q13477	MADCA_HUMAN
O15551	O15551	CLD3_HUMAN
P37028	P37028	BTUF_ECOLI
Q8BLE7	Q8BLE7	VGLU2_MOUSE
Q8WTS6	Q8WTS6	SETD7_HUMAN
P40967	P40967	PMEL_HUMAN
Q9RTP8	Q9RTP8	MNTH_DEIRA
P31602	P31602	CITN_KLEPN
Q3MJ62	Q3MJ62	ZSC23_HUMAN
Q00298	Q00298	CUTI_BOTFU
Q9HBL0	Q9HBL0	TENS1_HUMAN
Q15811	Q15811	ITSN1_HUMAN
Q9UM44	Q9UM44	HHLA2_HUMAN
Q8IWL2	Q8IWL2	SFTA1_HUMAN
P61964	P61964	WDR5_HUMAN
P13533	P13533	MYH6_HUMAN
Q08881	Q08881	ITK_HUMAN
Q9IH63	Q9IH63	FUS_NIPAV
Q13444	Q13444	ADA15_HUMAN
P06869	P06869	UROK_MOUSE
Q9H7M9	Q9H7M9	VISTA_HUMAN
Q62634	Q62634	VGLU1_RAT
Q9H8Y5	Q9H8Y5	ANKZ1_HUMAN
Q8BHH2	Q8BHH2	RAB9B_MOUSE
A0A5B9	A0A5B9	TRBC2_HUMAN
P12319	P12319	FCERA_HUMAN
Q54KA3	Q54KA3	Q54KA3_DICDI
P27792	P27792	LYL1_MOUSE
P56856	P56856	CLD18_HUMAN
Q15796	Q15796	SMAD2_HUMAN
Q54SX7	Q54SX7	Q54SX7_DICDI
P02787	P02787	TRFE_HUMAN
Q9JKE2	Q9JKE2	TREM1_MOUSE
O35681	O35681	SYT3_MOUSE
P0DQD2	P0DQD2	INLB_LISMO
P20411	P20411	FCERG_RAT
P03484	P03484	NRAM_I57A4
P06241	P06241	FYN_HUMAN
P00921	P00921	CAH2_BOVIN
G7PJT2	G7PJT2	G7PJT2_MACFA
P40688	P40688	SWA_DROME
O75084	O75084	FZD7_HUMAN
Q04207	Q04207	TF65_MOUSE
P40224	P40224	SDF1_MOUSE
Q8MSV2	Q8MSV2	SHEP_DROME
Q00993	Q00993	UFO_MOUSE
Q7TGD1	Q7TGD1	Q7TGD1_9FLAV
Q9Y5A6	Q9Y5A6	ZSC21_HUMAN
G7PSD8	G7PSD8	G7PSD8_MACFA
P25159	P25159	STAU_DROME
P11627	P11627	L1CAM_MOUSE
Q96D31	Q96D31	CRCM1_HUMAN
P32022	P32022	GIL1_ENTHI
Q62151	Q62151	RAGE_MOUSE
G7NVZ1	G7NVZ1	G7NVZ1_MACFA
Q02413	Q02413	DSG1_HUMAN
Q86W11	Q86W11	ZSC30_HUMAN
Q9Y5C1	Q9Y5C1	ANGL3_HUMAN
P00746	P00746	CFAD_HUMAN
Q1T6X0	Q1T6X0	Q1T6X0_CVHSA
Q775J3	Q775J3	GH_VZVO
Q61730	Q61730	IL1AP_MOUSE
P18572	P18572	BASI_MOUSE
Q5ZPR3	Q5ZPR3	CD276_HUMAN
P30575	P30575	ENO1_CANAL
P68433	P68433	H31_MOUSE
P16410	P16410	CTLA4_HUMAN
P08069	P08069	IGF1R_HUMAN
G7P4U9	G7P4U9	G7P4U9_MACFA
O55774	O55774	O55774_9HIV1
Q9V3C4	Q9V3C4	Q9V3C4_DROME
P04070	P04070	PROC_HUMAN
P29353	P29353	SHC1_HUMAN
P68638	P68638	VCP_VACCW
P10092	P10092	CALCB_HUMAN
Q9NYG8	Q9NYG8	KCNK4_HUMAN
D9I6W5	D9I6W5	D9I6W5_9INFA
E9N3C1	E9N3C1	E9N3C1_HEV
P32970	P32970	CD70_HUMAN
P10909	P10909	CLUS_HUMAN
Q38B90	Q38B90	Q38B90_TRYB2
P20340	P20340	RAB6A_HUMAN
Q15078	Q15078	CD5R1_HUMAN
P01135	P01135	TGFA_HUMAN
P34058	P34058	HS90B_RAT
P0C0J8	P0C0J8	P46_MYCHJ
F5HAK9	F5HAK9	GH_HHV8P
Q6ZVL6	Q6ZVL6	K154L_HUMAN
O60603	O60603	TLR2_HUMAN
P29279	P29279	CCN2_HUMAN
P08637	P08637	FCG3A_HUMAN
Q66479	Q66479	POLG_HE71M
P19462	P19462	GLYCO_RABVH
Q5DE66	Q5DE66	Q5DE66_SCHJA
Q9EQK5	Q9EQK5	MVP_MOUSE
P28472	P28472	GBRB3_HUMAN
P33681	P33681	CD80_HUMAN
P09866	P09866	POLG_DEN4D
Q9N6D7	Q9N6D7	Q9N6D7_DROME
O43309	O43309	ZSC12_HUMAN
P13631	P13631	RARG_HUMAN
Q01151	Q01151	CD83_HUMAN
Q9NYJ7	Q9NYJ7	DLL3_HUMAN
P0C573	P0C573	HBEAG_HBVD3
Q9UEF7	Q9UEF7	KLOT_HUMAN
D3Z649	D3Z649	D3Z649_MOUSE
Q4Z1L3	Q4Z1L3	ACT1_PLABA
Q8NKE6	Q8NKE6	Q8NKE6_SCLSC
P22338	P22338	POLG_LIV
P97321	P97321	SEPR_MOUSE
P17022	P17022	ZNF18_HUMAN
Q8IBE8	Q8IBE8	Q8IBE8_PLAF7
Q00690	Q00690	LYAM2_MOUSE
P01115	P01115	RASH_MSVHA
Q9TW27	Q9TW27	Q9TW27_DROME
Q14696	Q14696	MESD_HUMAN
P04214	P04214	TVB6_MOUSE
Q9Q6P4	Q9Q6P4	POLG_WNV9
P07093	P07093	GDN_HUMAN
P70175	P70175	DLG3_MOUSE
B3STU3	B3STU3	CHAC1_RAT
P27573	P27573	MYP0_MOUSE
Q9BXY4	Q9BXY4	RSPO3_HUMAN
L0L7P5	L0L7P5	L0L7P5_HEV
P25108	P25108	ACHA_RAT
P50052	P50052	AGTR2_HUMAN
P80370	P80370	DLK1_HUMAN
O76041	O76041	NEBL_HUMAN
C1LU54	C1LU54	C1LU54_SCHJA
Q62799	Q62799	ERBB3_RAT
Q08723	Q08723	RPN8_YEAST
O15164	O15164	TIF1A_HUMAN
P68617	P68617	A33_VACCW
Q8CB87	Q8CB87	RAB44_MOUSE
P22290	P22290	PVDR_PLAVS
Q12888	Q12888	TP53B_HUMAN
P15337	P15337	CREB1_RAT
P01852	P01852	TCB1_MOUSE
Q9IPJ6	Q9IPJ6	GLYCO_RABVN
P07830	P07830	ACT1_DICDI
P10515	P10515	ODP2_HUMAN
P03950	P03950	ANGI_HUMAN
Q9VSK3	Q9VSK3	Q9VSK3_DROME
P10721	P10721	KIT_HUMAN
P46531	P46531	NOTC1_HUMAN
Q76ZQ4	Q76ZQ4	A13_VACCW
Q86IA3	Q86IA3	PDI1_DICDI
P0AA04	P0AA04	PTHP_ECOLI
Q43607	Q43607	PRU1_PRUDU
P19821	P19821	DPO1_THEAQ
P47196	P47196	AKT1_RAT
P08878	P08878	PA1A_CRODU
Q9NT68	Q9NT68	TEN2_HUMAN
P25105	P25105	PTAFR_HUMAN
Q16602	Q16602	CALRL_HUMAN
Q9H4B7	Q9H4B7	TBB1_HUMAN
P08113	P08113	ENPL_MOUSE
P54958	P54958	ASP2_BLAGE
P00021	P00021	CYC_COLLI
P27912	P27912	POLG_DEN1A
P02976	P02976	SPA_STAA8
Q9QPN3	Q9QPN3	NEF_HV1LA
Q8MHY7	Q8MHY7	UROK_RABIT
Q62011	Q62011	PDPN_MOUSE
Q27IY8	Q27IY8	Q27IY8_9INFA
P25427	P25427	NGF_RAT
P51654	P51654	GPC3_HUMAN
P78536	P78536	ADA17_HUMAN
Q07235	Q07235	GDN_MOUSE
P31750	P31750	AKT1_MOUSE
Q7M729	Q7M729	SCN4B_MOUSE
A0A0K2BNC7	A0A0K2BNC7	A0A0K2BNC7_9ENTO
P11474	P11474	ERR1_HUMAN
B8XCM7	B8XCM7	B8XCM7_9MONO
P15941	P15941	MUC1_HUMAN
P98165	P98165	VLDLR_CHICK
P13180	P13180	GLYCO_CHAV
Q13185	Q13185	CBX3_HUMAN
Q68D85	Q68D85	NR3L1_HUMAN
P14403	P14403	POLG_JAEVN
Q80UL9	Q80UL9	JAML_MOUSE
Q8TBA6	Q8TBA6	GOGA5_HUMAN
P00700	P00700	LYSC_COLVI
P51671	P51671	CCL11_HUMAN
P18564	P18564	ITB6_HUMAN
Q99PI8	Q99PI8	RTN4R_MOUSE
P07298	P07298	NS1_PAVHU
O88871	O88871	GABR2_RAT
P19491	P19491	GRIA2_RAT
P32926	P32926	DSG3_HUMAN
P02708	P02708	ACHA_HUMAN
P30440	P30440	FEL1B_FELCA
P46673	P46673	NUP85_YEAST
Q54JE8	Q54JE8	U522A_DICDI
Q16555	Q16555	DPYL2_HUMAN
Q13705	Q13705	AVR2B_HUMAN
P55981	P55981	VACA_HELPY
P12823	P12823	POLG_DEN2P
A6N8U3	A6N8U3	A6N8U3_CLOBU
P48735	P48735	IDHP_HUMAN
Q0NPX5	Q0NPX5	Q0NPX5_COWPX
C5MAS1	C5MAS1	C5MAS1_CANTT
Q86WN1	Q86WN1	FCSD1_HUMAN
A0A2K5VVK2	A0A2K5VVK2	A0A2K5VVK2_MACFA
Q9UJU6	Q9UJU6	DBNL_HUMAN
A0A2K5WDQ7	A0A2K5WDQ7	A0A2K5WDQ7_MACFA
P03438	P03438	HEMA_I000X
P01589	P01589	IL2RA_HUMAN
P27797	P27797	CALR_HUMAN
Q6JK69	Q6JK69	PA2H1_BOTAT
P03435	P03435	HEMA_I75A3
Q9NZM3	Q9NZM3	ITSN2_HUMAN
P23560	P23560	BDNF_HUMAN
Q1H8W5	Q1H8W5	Q1H8W5_CHIKV
Q9GU68	Q9GU68	IF5A_DROME
O60907	O60907	TBL1X_HUMAN
P04273	P04273	PRIO_MESAU
Q57904	Q57904	Y480_METJA
Q1M1K6	Q1M1K6	Q1M1K6_9POXV
P29268	P29268	CCN2_MOUSE
Q8NI17	Q8NI17	IL31R_HUMAN
Q8IWW6	Q8IWW6	RHG12_HUMAN
O75962	O75962	TRIO_HUMAN
P25440	P25440	BRD2_HUMAN
P78358	P78358	CTG1B_HUMAN
Q6DQ34	Q6DQ34	Q6DQ34_9INFA
Q02223	Q02223	TNR17_HUMAN
A0A0B4SHY9	A0A0B4SHY9	A0A0B4SHY9_9FLAV
P03378	P03378	ENV_HV1A2
P14483	P14483	HB2A_MOUSE
P13664	P13664	P30_TOXGO
P01566	P01566	IFN10_HUMAN
P20239	P20239	ZP2_MOUSE
P27133	P27133	COROA_DICDI
P0AA07	P0AA07	PTHP_SALTY
P39900	P39900	MMP12_HUMAN
P26333	P26333	VSM5_TRYBB
P08515	P08515	GST26_SCHJA
P01497	P01497	SIX1_ANDAU
P84507	P84507	TX1_CERMR
A0A2K5USY7	A0A2K5USY7	A0A2K5USY7_MACFA
P68431	P68431	H31_HUMAN
P41229	P41229	KDM5C_HUMAN
P08588	P08588	ADRB1_HUMAN
P30968	P30968	GNRHR_HUMAN
P20273	P20273	CD22_HUMAN
R4QK65	R4QK65	R4QK65_9MONO
D0VWW0	D0VWW0	D0VWW0_9HIV1
P01344	P01344	IGF2_HUMAN
P58353	P58353	GTR5_BOVIN
P19338	P19338	NUCL_HUMAN
Q7DH26	Q7DH26	Q7DH26_ECO57
P02751	P02751	FINC_HUMAN
Q9R187	Q9R187	EDAR_MOUSE
Q9WV18	Q9WV18	GABR1_MOUSE
Q9NZ94	Q9NZ94	NLGN3_HUMAN
P01119	P01119	RAS1_YEAST
Q16288	Q16288	NTRK3_HUMAN
Q9ULW2	Q9ULW2	FZD10_HUMAN
Q9NQC3	Q9NQC3	RTN4_HUMAN
Q99376	Q99376	TFR1_RAT
Q99D35	Q99D35	POLG_DEN3C
Q9JIP4	Q9JIP4	PANX1_MOUSE
Q07813	Q07813	BAX_MOUSE
Q8TAQ2	Q8TAQ2	SMRC2_HUMAN
O70570	O70570	PIGR_MOUSE
P61142	P61142	SYUA_MACFA
Q00960	Q00960	NMDE2_RAT
P06731	P06731	CEAM5_HUMAN
P20109	P20109	IL13_MOUSE
A0A024B7W1	A0A024B7W1	POLG_ZIKVF
Q5S3G8	Q5S3G8	Q5S3G8_9CNID
Q9AZ58	Q9AZ58	Q9AZ58_9CAUD
R4NN21	R4NN21	R4NN21_9INFA
P50228	P50228	CXCL5_MOUSE
P26583	P26583	HMGB2_HUMAN
O75164	O75164	KDM4A_HUMAN
Q9NRM6	Q9NRM6	I17RB_HUMAN
P21675	P21675	TAF1_HUMAN
P13423	P13423	PAG_BACAN
P08176	P08176	PEPT1_DERPT
P03230	P03230	LMP1_EBVB9
O75791	O75791	GRAP2_HUMAN
P61150	P61150	FGF12_RAT
P41539	P41539	TKN1_MOUSE
Q02641	Q02641	CACB1_HUMAN
Q13740	Q13740	CD166_HUMAN
P03231	P03231	GH_EBVB9
Q9VJY9	Q9VJY9	Q9VJY9_DROME
G7PJS6	G7PJS6	G7PJS6_MACFA
Q04695	Q04695	K1C17_HUMAN
Q8T1G4	Q8T1G4	LYSA_DICDI
P40200	P40200	TACT_HUMAN
Q10589	Q10589	BST2_HUMAN
P15072	P15072	POLG_FMDVT
D5F1Q8	D5F1Q8	D5F1Q8_9INFA
Q20BJ8	Q20BJ8	Q20BJ8_HUMAN
P02768	P02768	ALBU_HUMAN
P17739	P17739	OSPB_BORBU
Q155P7	Q155P7	Q155P7_MOUSE
P62022	P62022	PA2BC_CRODU
P10827	P10827	THA_HUMAN
O75473	O75473	LGR5_HUMAN
P0DTC2	P0DTC2	SPIKE_SARS2
P05187	P05187	PPB1_HUMAN
Q8JPY1	Q8JPY1	NCAP_EBORR
P18577	P18577	RHCE_HUMAN
P56199	P56199	ITA1_HUMAN
P19809	P19809	EAE_ECO27
P15248	P15248	IL9_HUMAN
Q99MB1	Q99MB1	TLR3_MOUSE
Q15291	Q15291	RBBP5_HUMAN
Q9D659	Q9D659	VISTA_MOUSE
K4LM89	K4LM89	K4LM89_9CALI
Q1ERP8	Q1ERP8	CLM9_MOUSE
P02679	P02679	FIBG_HUMAN
O92972	O92972	POLG_HCVJ4
Q45967	Q45967	Q45967_CLOBO
Q9ULT6	Q9ULT6	ZNRF3_HUMAN
Q53R12	Q53R12	T4S20_HUMAN
Q9JI12	Q9JI12	VGLU2_RAT
P54283	P54283	CACB1_RAT
P06899	P06899	H2B1J_HUMAN
P01863	P01863	GCAA_MOUSE
P01569	P01569	IFNA5_HUMAN
Q9KMA6	Q9KMA6	HIGB2_VIBCH
Q02242	Q02242	PDCD1_MOUSE
P78324	P78324	SHPS1_HUMAN
O35598	O35598	ADA10_MOUSE
Q867T7	Q867T7	NCFA_DICDI
O88671	O88671	DLL3_RAT
A0A0E3H7K2	A0A0E3H7K2	A0A0E3H7K2_9MONO
P08246	P08246	ELNE_HUMAN
P25092	P25092	GUC2C_HUMAN
G7PG38	G7PG38	G7PG38_MACFA
P43627	P43627	KI2L2_HUMAN
P34884	P34884	MIF_MOUSE
P12267	P12267	FM3_KLEPN
Q96MM7	Q96MM7	H6ST2_HUMAN
P48023	P48023	TNFL6_HUMAN
Q64430	Q64430	ATP7A_MOUSE
Q9UJU5	Q9UJU5	FOXD3_HUMAN
P04839	P04839	CY24B_HUMAN
Q9JKB0	Q9JKB0	HCN1_RAT
Q9NQ25	Q9NQ25	SLAF7_HUMAN
P52800	P52800	EFNB2_MOUSE
P08617	P08617	POLG_HAVHM
O43508	O43508	TNF12_HUMAN
P10922	P10922	H10_MOUSE
Q9Z2I7	Q9Z2I7	SVOP_RAT
P09958	P09958	FURIN_HUMAN
O67854	O67854	O67854_AQUAE
Q8BR86	Q8BR86	KIRR3_MOUSE
P02866	P02866	CONA_CANEN
Q92583	Q92583	CCL17_HUMAN
Q9ULK4	Q9ULK4	MED23_HUMAN
P01864	P01864	GCAB_MOUSE
Q01965	Q01965	LY9_MOUSE
P43220	P43220	GLP1R_HUMAN
P07437	P07437	TBB5_HUMAN
Q99IB8	Q99IB8	POLG_HCVJF
Q9JKA5	Q9JKA5	GPA33_MOUSE
P08571	P08571	CD14_HUMAN
Q9D2J4	Q9D2J4	VSIG1_MOUSE
B1BE42	B1BE42	B1BE42_CLOBO
Q95W15	Q95W15	Q95W15_9TRYP
Q9JLL3	Q9JLL3	TNR19_MOUSE
P27662	P27662	GLYCO_VHSV0
Q9ET47	Q9ET47	ESPN_MOUSE
P07510	P07510	ACHG_HUMAN
P20701	P20701	ITAL_HUMAN
P54756	P54756	EPHA5_HUMAN
P23276	P23276	KELL_HUMAN
P02749	P02749	APOH_HUMAN
P01024	P01024	CO3_HUMAN
O54693	O54693	EDA_MOUSE
G0S0R2	G0S0R2	NUP57_CHATD
A0A0H3JTS7	A0A0H3JTS7	A0A0H3JTS7_STAAM
Q9QUN7	Q9QUN7	TLR2_MOUSE
O15455	O15455	TLR3_HUMAN
B2CXZ0	B2CXZ0	B2CXZ0_HBV
Q11213	Q11213	CAPSD_PAVCB
Q553Q2	Q553Q2	Q553Q2_DICDI
P00742	P00742	FA10_HUMAN
A0A0G2JSH5	A0A0G2JSH5	A0A0G2JSH5_RAT
G7PVA5	G7PVA5	G7PVA5_MACFA
Q8WVV5	Q8WVV5	BT2A2_HUMAN
Q59646	Q59646	NORC_PSEAE
P63172	P63172	DYLT1_HUMAN
P56945	P56945	BCAR1_HUMAN
P20700	P20700	LMNB1_HUMAN
P41595	P41595	5HT2B_HUMAN
Q9NRN5	Q9NRN5	OLFL3_HUMAN
Q964I3	Q964I3	Q964I3_PLAKN
Q8BGT1	Q8BGT1	FLRT3_MOUSE
P04275	P04275	VWF_HUMAN
Q75760	Q75760	Q75760_9HIV1
A0A024E3P0	A0A024E3P0	A0A024E3P0_9INFA
P09564	P09564	CD7_HUMAN
O75899	O75899	GABR2_HUMAN
P54254	P54254	ATX1_MOUSE
A0A2K5VXN2	A0A2K5VXN2	A0A2K5VXN2_MACFA
P19214	P19214	EBA1_PLAFC
P02255	P02255	H1_DROME
Q8VBX4	Q8VBX4	CLC4K_MOUSE
P48995	P48995	TRPC1_HUMAN
G3F5K5	G3F5K5	G3F5K5_9FLAV
P08514	P08514	ITA2B_HUMAN
A0A0M3KL16	A0A0M3KL16	A0A0M3KL16_ECOLX
O89342	O89342	FUS_HENDH
P17763	P17763	POLG_DEN1W
P97797	P97797	SHPS1_MOUSE
P50492	P50492	AMA1_PLAF8
P35225	P35225	IL13_HUMAN
Q8R3J5	Q8R3J5	CHAC1_MOUSE
Q99062	Q99062	CSF3R_HUMAN
Q0P543	Q0P543	GIPR_MOUSE
V5UZY2	V5UZY2	V5UZY2_CANAX
O15156	O15156	ZBT7B_HUMAN
Q9UID6	Q9UID6	ZN639_HUMAN
O35516	O35516	NOTC2_MOUSE
P02724	P02724	GLPA_HUMAN
Q8BFT9	Q8BFT9	SVOP_MOUSE
Q08722	Q08722	CD47_HUMAN
Q9UFC8,Q5HYK7	Q5HYK7	SH319_HUMAN
D3ZK47	D3ZK47	D3ZK47_RAT
Q96RJ3	Q96RJ3	TR13C_HUMAN
O08710	O08710	THYG_MOUSE
Q40962	Q40962	MPA5A_PHLPR
Q6DQ33	Q6DQ33	Q6DQ33_9INFA
Q40960	Q40960	MPAP5_PHLPR
G3XD49	G3XD49	G3XD49_PSEAE
Q08169	Q08169	HUGA_APIME
Q7M730	Q7M730	SCN4B_RAT
Q86B79	Q86B79	UNK_DROME
P14625	P14625	ENPL_HUMAN
P21589	P21589	5NTD_HUMAN
G7P057	G7P057	G7P057_MACFA
Q14203	Q14203	DCTN1_HUMAN
Q16581	Q16581	C3AR_HUMAN
Q80YX1	Q80YX1	TENA_MOUSE
P02778	P02778	CXL10_HUMAN
P03461	P03461	HEMA_INBMD
D3Z9Z0	D3Z9Z0	D3Z9Z0_RAT
Q04912	Q04912	RON_HUMAN
P03420	P03420	FUS_HRSVA
O00481	O00481	BT3A1_HUMAN
Q8WXI7	Q8WXI7	MUC16_HUMAN
P01897	P01897	HA1L_MOUSE
P26660	P26660	POLG_HCVJ6
O76036	O76036	NCTR1_HUMAN
Q60597	Q60597	ODO1_MOUSE
P13501	P13501	CCL5_HUMAN
P01270	P01270	PTHY_HUMAN
Q9JI71	Q9JI71	DLL4_MOUSE
P07996	P07996	TSP1_HUMAN
P02247	P02247	HEMTM_THEHE
Q6NSZ9	Q6NSZ9	ZSC25_HUMAN
Q9D387	Q9D387	LAMP5_MOUSE
P06734	P06734	FCER2_HUMAN
P63083	P63083	S10A5_RAT
P49660	P49660	SSR4_MOUSE
A2JGV3	A2JGV3	A2JGV3_HUMAN
Q2YX96	Q2YX96	ISDB_STAAB
Q8T309	Q8T309	Q8T309_TRYBR
P35439	P35439	NMDZ1_RAT
P14209	P14209	CD99_HUMAN
Q8NFQ8	Q8NFQ8	TOIP2_HUMAN
Q9NQI0	Q9NQI0	DDX4_HUMAN
Q04656	Q04656	ATP7A_HUMAN
P16311	P16311	PEPT1_DERFA
P50498	P50498	MSA2_PLAF7
P14867	P14867	GBRA1_HUMAN
Q54EY0	Q54EY0	Q54EY0_DICDI
P01267	P01267	THYG_BOVIN
P17767	P17767	POLG_PPVRA
A0A0S3NTD8	A0A0S3NTD8	A0A0S3NTD8_ZINVI
P32519	P32519	ELF1_HUMAN
P19321	P19321	BXD_CBDP
P03303	P03303	POLG_HRV14
Q5EFZ7	Q5EFZ7	Q5EFZ7_CHICK
Q16891	Q16891	MIC60_HUMAN
Q04620	Q04620	OS24_PLABA
P13386	P13386	FCERB_RAT
A0A5A4LHS4	A0A5A4LHS4	A0A5A4LHS4_9INFA
P46598	P46598	HSP90_CANAL
Q81776	Q81776	Q81776_9HEPC
P19711	P19711	POLG_BVDVN
P15692	P15692	VEGFA_HUMAN
Q01227	Q01227	B5_VACCW
M3WC52	M3WC52	M3WC52_FELCA
Q7K4N3	Q7K4N3	NCBP1_DROME
Q9Y243	Q9Y243	AKT3_HUMAN
P41217	P41217	OX2G_HUMAN
Q8IYU2	Q8IYU2	HACE1_HUMAN
Q9UHE8	Q9UHE8	STEA1_HUMAN
P41586	P41586	PACR_HUMAN
Q96JS3	Q96JS3	PGBD1_HUMAN
P51532	P51532	SMCA4_HUMAN
P54311	P54311	GBB1_RAT
Q01279	Q01279	EGFR_MOUSE
P38646	P38646	GRP75_HUMAN
B6DXD2	B6DXD2	B6DXD2_9FLAV
Q56A19	Q56A19	Q56A19_RAT
P04133	P04133	CAPSH_ADE05
Q9EP73	Q9EP73	PD1L1_MOUSE
Q91YQ1	Q91YQ1	RAB7L_MOUSE
P07766	P07766	CD3E_HUMAN
P10259	P10259	ENV_MMTVB
P14136	P14136	GFAP_HUMAN
Q9NZD1	Q9NZD1	GPC5D_HUMAN
P49910	P49910	ZN165_HUMAN
P10636	P10636	TAU_HUMAN
P06725	P06725	PP65_HCMVA
P51793	P51793	CLCN4_HUMAN
O42275	O42275	ACES_ELEEL
P35613	P35613	BASI_HUMAN
P33241	P33241	LSP1_HUMAN
Q9J3N1	Q9J3N1	GL_VZVO
Q8C437	Q8C437	PEX5R_MOUSE
O15197	O15197	EPHB6_HUMAN
P70377	P70377	FGF13_MOUSE
Q9UHF1	Q9UHF1	EGFL7_HUMAN
P22933	P22933	GBRD_MOUSE
P27025	P27025	GLYC_HRSV6
Q9H7N4	Q9H7N4	SFR19_HUMAN
P01019	P01019	ANGT_HUMAN
Q5QNS5	Q5QNS5	HAVR1_MOUSE
P21995	P21995	EMB_MOUSE
P0A8T7	P0A8T7	RPOC_ECOLI
P03443	P03443	HEMA_I76A1
Q99593	Q99593	TBX5_HUMAN
P49278	P49278	ALL2_DERPT
Q99665	Q99665	I12R2_HUMAN
Q96PD4	Q96PD4	IL17F_HUMAN
P38647	P38647	GRP75_MOUSE
A0A1S6K7T1	A0A1S6K7T1	A0A1S6K7T1_BOTAT
P63158	P63158	HMGB1_MOUSE
G0S4X2	G0S4X2	NUP49_CHATD
P09693	P09693	CD3G_HUMAN
P59771	P59771	VME1_PEDV7
Q74448	Q74448	Q74448_9HIV1
P19597	P19597	CSP_PLAFO
Q08407	Q08407	MPAC1_CORAV
A0A2K5X4I2	A0A2K5X4I2	A0A2K5X4I2_MACFA
Q9R0N4	Q9R0N4	SYT10_MOUSE
P28481	P28481	CO2A1_MOUSE
Q80DY1	Q80DY1	Q80DY1_COWPX
P16422	P16422	EPCAM_HUMAN
Q15116	Q15116	PDCD1_HUMAN
P10093	P10093	CALCB_RAT
P55285	P55285	CADH6_HUMAN
P01326	P01326	INS2_MOUSE
P51679	P51679	CCR4_HUMAN
Q6WB98	Q6WB98	FUS_HMPVC
O75581	O75581	LRP6_HUMAN
P22621	P22621	AMA1_PLAFF
P16070	P16070	CD44_HUMAN
P07202	P07202	PERT_HUMAN
P10844	P10844	BXB_CLOBO
Q15465	Q15465	SHH_HUMAN
D4AB66	D4AB66	STON2_RAT
P01127	P01127	PDGFB_HUMAN
P0AEY0	P0AEY0	MALE_ECO57
P05019	P05019	IGF1_HUMAN
P30556	P30556	AGTR1_HUMAN
O43490	O43490	PROM1_HUMAN
P57041	P57041	OMPA_NEIMA
P01308	P01308	INS_HUMAN
Q5HEH9	Q5HEH9	LUKL2_STAAC
P02649	P02649	APOE_HUMAN
O95278	O95278	EPM2A_HUMAN
P01570	P01570	IFN14_HUMAN
P12004	P12004	PCNA_HUMAN
Q5DI11	Q5DI11	Q5DI11_SCHJA
P08238	P08238	HS90B_HUMAN
P63159	P63159	HMGB1_RAT
Q6SJQ7	Q6SJQ7	CLM1_MOUSE
Q9BQ51	Q9BQ51	PD1L2_HUMAN
P69891	P69891	HBG1_HUMAN
Q55FQ9	Q55FQ9	LMPC_DICDI
P0A9L1	P0A9L1	SLYD_ECO57
Q7KAN4,Q868D6	O61142	SUB1_PLAFA
Q96GW7	Q96GW7	PGCB_HUMAN
P07309	P07309	TTHY_MOUSE
A0A3B6UDT5	A0A3B6UDT5	A0A3B6UDT5_SIV
Q58HT7	Q58HT7	POLG_DEN4P
P30408	P30408	T4S1_HUMAN
P20916	P20916	MAG_HUMAN
Q6VRZ6	Q6VRZ6	Q6VRZ6_NEIME
Q9RF12	Q9RF12	PHLC_CLOPF
A0A1L8F5J9	A0A1L8F5J9	NMDZ1_XENLA
P29846	P29846	POLG_HCVTW
B0LPN4	B0LPN4	RYR2_RAT
Q7TSF2	Q7TSF2	VGLU3_RAT
B2ZG07	B2ZG07	B2ZG07_PAVC
Q8BE40	Q8BE40	Q8BE40_9FLAV
P17813	P17813	EGLN_HUMAN
P07900	P07900	HS90A_HUMAN
P16612	P16612	VEGFA_RAT
Q86986	Q86986	Q86986_HBV
A7XZS5	A7XZS5	A7XZS5_SORBI
P12504	P12504	VIF_HV1N5
P30874	P30874	SSR2_HUMAN
Q16655	Q16655	MAR1_HUMAN
Q07812	Q07812	BAX_HUMAN
P05113	P05113	IL5_HUMAN
O70902	O70902	ENV_HV190
Q6TCP8	Q6TCP8	Q6TCP8_9HIV1
P29991	P29991	POLG_DEN27
P26323	P26323	FLI1_MOUSE
O29915	O29915	O29915_ARCFU
P26012	P26012	ITB8_HUMAN
Q1LWN2	Q1LWN2	Q1LWN2_DANRE
P26842	P26842	CD27_HUMAN
Q0A448	Q0A448	HEMA_I49A1
Q29123	Q29123	Q29123_PIG
Q1T6X6	Q1T6X6	Q1T6X6_CVHSA
P49051	P49051	SLAP1_BACAN
Q8TDD5	Q8TDD5	MCLN3_HUMAN
P01106	P01106	MYC_HUMAN
C6ZIG9	C6ZIG9	C6ZIG9_9HIV1
Q80WD1	Q80WD1	R4RL2_RAT
P26618	P26618	PGFRA_MOUSE
Q04721	Q04721	NOTC2_HUMAN
O94907	O94907	DKK1_HUMAN
P62894	P62894	CYC_BOVIN
P04406	P04406	G3P_HUMAN
Q4DQ76	Q4DQ76	Q4DQ76_TRYCC
Q2FWN9	Q2FWN9	LUKL2_STAA8
P23471	P23471	PTPRZ_HUMAN
Q87AV4	Q87AV4	Q87AV4_XYLFT
A0A059QA82	A0A059QA82	A0A059QA82_9MONO
Q9NNX6	Q9NNX6	CD209_HUMAN
P11586	P11586	C1TC_HUMAN
Q00686	Q00686	CAPSD_CTV36
A9P736	A9P736	A9P736_9INFA
P03451	P03451	HEMA_I57A0
Q51228	Q51228	Q51228_NEIME
P02754	P02754	LACB_BOVIN
P03995	P03995	GFAP_MOUSE
Q9WUQ3	Q9WUQ3	OLIG1_RAT
P02794	P02794	FRIH_HUMAN
P01033	P01033	TIMP1_HUMAN
Q8R464	Q8R464	CADM4_MOUSE
P63096	P63096	GNAI1_HUMAN
Q9HBE5	Q9HBE5	IL21R_HUMAN
P16188,P01892,P01891,P30443,P04439	P04439	HLAA_HUMAN
P0A077	P0A077	HLGB_STAAU
Q9TY14	Q9TY14	Q9TY14_PLAVI
A0A5F8AA88	A0A5F8AA88	A0A5F8AA88_MACMU
P09758	P09758	TACD2_HUMAN
P33767	P33767	OSTB_YEAST
Q1WIM1	Q1WIM1	CADM4_RAT
Q03405	Q03405	UPAR_HUMAN
P51116	P51116	FXR2_HUMAN
P31749	P31749	AKT1_HUMAN
Q6UXY1	Q6UXY1	BI2L2_HUMAN
Q45871	Q45871	Q45871_CLOBO
P11279	P11279	LAMP1_HUMAN
Q9BQG2	Q9BQG2	NUD12_HUMAN
Q9VV74	Q9VV74	SMN_DROME
Q2FFA3	Q2FFA3	LUKL1_STAA3
P16003	P16003	CD4_MACMU
P11276	P11276	FINC_MOUSE
Q95LI5	Q95LI5	CD3E_MACFA
Q63HK3	Q63HK3	ZKSC2_HUMAN
P11439	P11439	TOXA_PSEAE
P59594	P59594	SPIKE_CVHSA
P0DN86	P0DN86	CGB3_HUMAN
P32447	P32447	ASF1_YEAST
Q5DW45	Q5DW45	Q5DW45_HE71
Q16790	Q16790	CAH9_HUMAN
O75832	O75832	PSD10_HUMAN
P56726	P56726	SMO_MOUSE
P06729	P06729	CD2_HUMAN
P06881	P06881	CALCA_HUMAN
Q96FE5	Q96FE5	LIGO1_HUMAN
Q16670	Q16670	ZSC26_HUMAN
Q7Z6J0	Q7Z6J0	SH3R1_HUMAN
Q13443	Q13443	ADAM9_HUMAN
O88516	O88516	DLL3_MOUSE
P07305	P07305	H10_HUMAN
Q9H1C4	Q9H1C4	UN93B_HUMAN
Q9EQF2	Q9EQF2	KELL_MOUSE
P21860	P21860	ERBB3_HUMAN
P25122	P25122	KCNC1_RAT
O00257	O00257	CBX4_HUMAN
Q9NYY1	Q9NYY1	IL20_HUMAN
Q14145	Q14145	KEAP1_HUMAN
P32245	P32245	MC4R_HUMAN
Q1K9H2	Q1K9H2	Q1K9H2_I33A0
Q8R500	Q8R500	MFN2_RAT
P70705	P70705	ATP7A_RAT
P83916	P83916	CBX1_HUMAN
P01584	P01584	IL1B_HUMAN
P10646	P10646	TFPI1_HUMAN
P35279	P35279	RAB6A_MOUSE
P0DJI8	P0DJI8	SAA1_HUMAN
Q9HBW9	Q9HBW9	AGRL4_HUMAN
Q01638	Q01638	ILRL1_HUMAN
Q9CZD0	Q9CZD0	MMAC_MOUSE
P23229	P23229	ITA6_HUMAN
Q9NQV5	Q9NQV5	PRD11_HUMAN
P29990	P29990	POLG_DEN26
Q9UIG0	Q9UIG0	BAZ1B_HUMAN
P05186	P05186	PPBT_HUMAN
P50283	P50283	CD7_MOUSE
O35082	O35082	KLOT_MOUSE
Q2EID8	Q2EID8	Q2EID8_HBV
P24046	P24046	GBRR1_HUMAN
Q9TVX6	Q9TVX6	Q9TVX6_DROME
Q05066	Q05066	SRY_HUMAN
P61769	P61769	B2MG_HUMAN
A0A2K5VGE8	A0A2K5VGE8	A0A2K5VGE8_MACFA
Q80T41	Q80T41	GABR2_MOUSE
P13569	P13569	CFTR_HUMAN
P27931	P27931	IL1R2_MOUSE
A6NNL5	A6NNL5	CO061_HUMAN
Q15063	Q15063	POSTN_HUMAN
P97333	P97333	NRP1_MOUSE
Q02388	Q02388	CO7A1_HUMAN
P09525	P09525	ANXA4_HUMAN
Q9NPF7	Q9NPF7	IL23A_HUMAN
Q86UN3	Q86UN3	R4RL2_HUMAN
Q01362	Q01362	FCERB_HUMAN
P16109	P16109	LYAM3_HUMAN
P42212	P42212	GFP_AEQVI
P47820	P47820	ACE_RAT
P63279	P63279	UBC9_HUMAN
Q9UMR7	Q9UMR7	CLC4A_HUMAN
Q9BKJ9	Q9BKJ9	LMPB_DICDI
Q5SVQ8	Q5SVQ8	ZBT41_HUMAN
Q96TB1	Q96TB1	Q96TB1_HUMAN
P03172	P03172	GD_HHV23
Q9H334	Q9H334	FOXP1_HUMAN
Q54M35	Q54M35	LYSL_DICDI
O08625	O08625	SYT10_RAT
P03129	P03129	VE7_HPV16
A6NGD5	A6NGD5	ZSA5C_HUMAN
P42858	P42858	HD_HUMAN
Q8ZRP8	Q8ZRP8	CLCA_SALTY
Q03805	Q03805	Q03805_9HIV1
Q9VZ69	Q9VZ69	Q9VZ69_DROME
Q81971	Q81971	Q81971_HPV59
Q9C0E2	Q9C0E2	XPO4_HUMAN
Q62765	Q62765	NLGN1_RAT
E0W1I1	E0W1I1	E0W1I1_PEDHC
P19235	P19235	EPOR_HUMAN
Q7KQK5	Q7KQK5	Q7KQK5_PLAF7
P14336	P14336	POLG_TBEVW
O94875	O94875	SRBS2_HUMAN
E1C3A0	E1C3A0	E1C3A0_CHICK
P09793	P09793	CTLA4_MOUSE
P23128	P23128	DDX6_DROME
A8MW92	A8MW92	P20L1_HUMAN
P15331	P15331	PERI_MOUSE
A0A1Y7VJX7	A0A1Y7VJX7	A0A1Y7VJX7_MOUSE
P14207	P14207	FOLR2_HUMAN
Q8H6L7	Q8H6L7	PHLB_PHLPR
P62898	P62898	CYC_RAT
P49763	P49763	PLGF_HUMAN
P16144	P16144	ITB4_HUMAN
P78504	P78504	JAG1_HUMAN
P09038	P09038	FGF2_HUMAN
Q10588	Q10588	BST1_HUMAN
P0A942	P0A942	BAMA_ECO57
